"id","thinning","dev","th","a","d","n","N_ini","N","point_density_sim_gp","mean_deviation"
1,"deviation_10",0.307721731711214,0.1,6,1,10,100,90,0.9,0.412541968336326
1,"deviation_30",1.29207165307833,0.3,6,1,10,100,70,0.7,0.96531522298236
1,"deviation_50",1.45072052720849,0.5,6,1,10,100,50,0.5,1.64482715047682
1,"deviation_80",3.00151522554733,0.8,6,1,10,100,20,0.2,3.25486088850788
2,"deviation_10",0.125853980673664,0.1,6,1.5,10,100,90,0.9,0.212747779207969
2,"deviation_30",0.381738635354681,0.3,6,1.5,10,100,70,0.7,0.537122187050506
2,"deviation_50",0.680140053998498,0.5,6,1.5,10,100,50,0.5,0.998932523019561
2,"deviation_80",2.47029037263465,0.8,6,1.5,10,100,20,0.2,2.43805133869458
3,"deviation_10",0.0562470494462828,0.1,6,3,10,100,90,0.9,0.0771454448904091
3,"deviation_30",0.118561807360448,0.3,6,3,10,100,70,0.7,0.202636452790062
3,"deviation_50",0.283200295397832,0.5,6,3,10,100,50,0.5,0.309749764314976
3,"deviation_80",0.883009058710069,0.8,6,3,10,100,20,0.2,0.930643936463413
4,"deviation_10",0.0480884314138856,0.1,6,4,10,100,90,0.9,0.0653060275588064
4,"deviation_30",0.232419222804706,0.3,6,4,10,100,70,0.7,0.152061680522147
4,"deviation_50",0.382373680930493,0.5,6,4,10,100,50,0.5,0.265254125356907
4,"deviation_80",0.596157642270867,0.8,6,4,10,100,20,0.2,0.677834234249258
5,"deviation_10",0.045145663843646,0.1,6,6,10,100,90,0.9,0.0388354707590732
5,"deviation_30",0.152838572728268,0.3,6,6,10,100,70,0.7,0.108673726546393
5,"deviation_50",0.156246214327404,0.5,6,6,10,100,50,0.5,0.183846321256338
5,"deviation_80",1.11973036764087,0.8,6,6,10,100,20,0.2,0.51664822765273
6,"deviation_10",0.114656792751599,0.1,6,1,20,400,360,3.6,0.109247368654026
6,"deviation_30",0.262259254522621,0.3,6,1,20,400,280,2.8,0.27121787307946
6,"deviation_50",0.410656348751522,0.5,6,1,20,400,200,2,0.498805663132222
6,"deviation_80",1.48977691400945,0.8,6,1,20,400,80,0.8,1.51766483551796
7,"deviation_10",0.0587814144116844,0.1,6,1.5,20,400,360,3.6,0.0676529272142444
7,"deviation_30",0.175147484792779,0.3,6,1.5,20,400,280,2.8,0.149477712332035
7,"deviation_50",0.219946989123772,0.5,6,1.5,20,400,200,2,0.245822891931105
7,"deviation_80",0.584295261653793,0.8,6,1.5,20,400,80,0.8,0.728707353285483
8,"deviation_10",0.0503614168711346,0.1,6,3,20,400,360,3.6,0.0396488694272405
8,"deviation_30",0.0881482567512292,0.3,6,3,20,400,280,2.8,0.0796206261251319
8,"deviation_50",0.0999113534179412,0.5,6,3,20,400,200,2,0.132872258289682
8,"deviation_80",0.201219664330601,0.8,6,3,20,400,80,0.8,0.291236357191867
9,"deviation_10",0.035457698075278,0.1,6,4,20,400,360,3.6,0.0328033213037104
9,"deviation_30",0.0653965739273747,0.3,6,4,20,400,280,2.8,0.0647394709169918
9,"deviation_50",0.113007344253703,0.5,6,4,20,400,200,2,0.10360104923477
9,"deviation_80",0.251868125844929,0.8,6,4,20,400,80,0.8,0.232736038838764
10,"deviation_10",0.0326155314345755,0.1,6,6,20,400,360,3.6,0.027295093031633
10,"deviation_30",0.0548390346288497,0.3,6,6,20,400,280,2.8,0.054607618591806
10,"deviation_50",0.050144484971393,0.5,6,6,20,400,200,2,0.0835592116727197
10,"deviation_80",0.156409946238291,0.8,6,6,20,400,80,0.8,0.184425120965873
11,"deviation_10",0.0591293385523513,0.1,6,1,30,900,810,8.1,0.0672337562567494
11,"deviation_30",0.148545573759434,0.3,6,1,30,900,630,6.3,0.138937137618178
11,"deviation_50",0.21706417363416,0.5,6,1,30,900,450,4.5,0.23355079933954
11,"deviation_80",0.802651712509247,0.8,6,1,30,900,180,1.8,0.643910126338558
12,"deviation_10",0.0517445291316682,0.1,6,1.5,30,900,810,8.1,0.0432562344799419
12,"deviation_30",0.0884794085780425,0.3,6,1.5,30,900,630,6.3,0.0960659992111504
12,"deviation_50",0.17044416994185,0.5,6,1.5,30,900,450,4.5,0.147768637576083
12,"deviation_80",0.394073916579225,0.8,6,1.5,30,900,180,1.8,0.349692429707488
13,"deviation_10",0.0238070135770009,0.1,6,3,30,900,810,8.1,0.0274165530164892
13,"deviation_30",0.0620529716759836,0.3,6,3,30,900,630,6.3,0.0548683806122472
13,"deviation_50",0.0761195334156178,0.5,6,3,30,900,450,4.5,0.0862725010523943
13,"deviation_80",0.203293651424089,0.8,6,3,30,900,180,1.8,0.170656777598871
14,"deviation_10",0.0227071114174003,0.1,6,4,30,900,810,8.1,0.0235567521328071
14,"deviation_30",0.0459449841121213,0.3,6,4,30,900,630,6.3,0.0434416636124562
14,"deviation_50",0.0647971761063606,0.5,6,4,30,900,450,4.5,0.0663860607248535
14,"deviation_80",0.124605269261934,0.8,6,4,30,900,180,1.8,0.134602001946721
15,"deviation_10",0.0142120587950038,0.1,6,6,30,900,810,8.1,0.0190067519228502
15,"deviation_30",0.0459699182205254,0.3,6,6,30,900,630,6.3,0.0391150710425973
15,"deviation_50",0.0631073334515597,0.5,6,6,30,900,450,4.5,0.061583366373797
15,"deviation_80",0.119557666873006,0.8,6,6,30,900,180,1.8,0.119952475720633
16,"deviation_10",0.408608091640065,0.1,6,1,10,100,90,0.9,0.412541968336326
16,"deviation_30",0.784544680122731,0.3,6,1,10,100,70,0.7,0.96531522298236
16,"deviation_50",2.24854134796245,0.5,6,1,10,100,50,0.5,1.64482715047682
16,"deviation_80",3.96899208798884,0.8,6,1,10,100,20,0.2,3.25486088850788
17,"deviation_10",0.161821946043059,0.1,6,1.5,10,100,90,0.9,0.212747779207969
17,"deviation_30",0.496187639423763,0.3,6,1.5,10,100,70,0.7,0.537122187050506
17,"deviation_50",1.01178786871748,0.5,6,1.5,10,100,50,0.5,0.998932523019561
17,"deviation_80",2.57287283070212,0.8,6,1.5,10,100,20,0.2,2.43805133869458
18,"deviation_10",0.0603380417843209,0.1,6,3,10,100,90,0.9,0.0771454448904091
18,"deviation_30",0.223451632571273,0.3,6,3,10,100,70,0.7,0.202636452790062
18,"deviation_50",0.337683061957792,0.5,6,3,10,100,50,0.5,0.309749764314976
18,"deviation_80",1.01344665096966,0.8,6,3,10,100,20,0.2,0.930643936463413
19,"deviation_10",0.0828892152123994,0.1,6,4,10,100,90,0.9,0.0653060275588064
19,"deviation_30",0.131571518000041,0.3,6,4,10,100,70,0.7,0.152061680522147
19,"deviation_50",0.282876433319737,0.5,6,4,10,100,50,0.5,0.265254125356907
19,"deviation_80",0.858322537348678,0.8,6,4,10,100,20,0.2,0.677834234249258
20,"deviation_10",0.041371838378203,0.1,6,6,10,100,90,0.9,0.0388354707590732
20,"deviation_30",0.0736692794908722,0.3,6,6,10,100,70,0.7,0.108673726546393
20,"deviation_50",0.206336463304387,0.5,6,6,10,100,50,0.5,0.183846321256338
20,"deviation_80",0.489630159991307,0.8,6,6,10,100,20,0.2,0.51664822765273
21,"deviation_10",0.0931236475100008,0.1,6,1,20,400,360,3.6,0.109247368654026
21,"deviation_30",0.293553426362586,0.3,6,1,20,400,280,2.8,0.27121787307946
21,"deviation_50",0.59013360257533,0.5,6,1,20,400,200,2,0.498805663132222
21,"deviation_80",1.79814112286513,0.8,6,1,20,400,80,0.8,1.51766483551796
22,"deviation_10",0.0692068810804266,0.1,6,1.5,20,400,360,3.6,0.0676529272142444
22,"deviation_30",0.131588819323937,0.3,6,1.5,20,400,280,2.8,0.149477712332035
22,"deviation_50",0.226938569865075,0.5,6,1.5,20,400,200,2,0.245822891931105
22,"deviation_80",0.891169972243225,0.8,6,1.5,20,400,80,0.8,0.728707353285483
23,"deviation_10",0.0314483447198992,0.1,6,3,20,400,360,3.6,0.0396488694272405
23,"deviation_30",0.0795498770504955,0.3,6,3,20,400,280,2.8,0.0796206261251319
23,"deviation_50",0.150615481447898,0.5,6,3,20,400,200,2,0.132872258289682
23,"deviation_80",0.283957269381817,0.8,6,3,20,400,80,0.8,0.291236357191867
24,"deviation_10",0.0187207901294958,0.1,6,4,20,400,360,3.6,0.0328033213037104
24,"deviation_30",0.0631891073121005,0.3,6,4,20,400,280,2.8,0.0647394709169918
24,"deviation_50",0.105942220542484,0.5,6,4,20,400,200,2,0.10360104923477
24,"deviation_80",0.259545460394384,0.8,6,4,20,400,80,0.8,0.232736038838764
25,"deviation_10",0.0180614770333632,0.1,6,6,20,400,360,3.6,0.027295093031633
25,"deviation_30",0.0496121974613053,0.3,6,6,20,400,280,2.8,0.054607618591806
25,"deviation_50",0.111356487661056,0.5,6,6,20,400,200,2,0.0835592116727197
25,"deviation_80",0.23823245214164,0.8,6,6,20,400,80,0.8,0.184425120965873
26,"deviation_10",0.0778174639466273,0.1,6,1,30,900,810,8.1,0.0672337562567494
26,"deviation_30",0.130338951101376,0.3,6,1,30,900,630,6.3,0.138937137618178
26,"deviation_50",0.240178548717893,0.5,6,1,30,900,450,4.5,0.23355079933954
26,"deviation_80",0.697794033252883,0.8,6,1,30,900,180,1.8,0.643910126338558
27,"deviation_10",0.0362587553362039,0.1,6,1.5,30,900,810,8.1,0.0432562344799419
27,"deviation_30",0.0911849778076461,0.3,6,1.5,30,900,630,6.3,0.0960659992111504
27,"deviation_50",0.145309791766788,0.5,6,1.5,30,900,450,4.5,0.147768637576083
27,"deviation_80",0.389421114959523,0.8,6,1.5,30,900,180,1.8,0.349692429707488
28,"deviation_10",0.0241804478393022,0.1,6,3,30,900,810,8.1,0.0274165530164892
28,"deviation_30",0.0555975413773767,0.3,6,3,30,900,630,6.3,0.0548683806122472
28,"deviation_50",0.087661495264132,0.5,6,3,30,900,450,4.5,0.0862725010523943
28,"deviation_80",0.152354890257408,0.8,6,3,30,900,180,1.8,0.170656777598871
29,"deviation_10",0.0224583020859949,0.1,6,4,30,900,810,8.1,0.0235567521328071
29,"deviation_30",0.045950953582708,0.3,6,4,30,900,630,6.3,0.0434416636124562
29,"deviation_50",0.0549434675997674,0.5,6,4,30,900,450,4.5,0.0663860607248535
29,"deviation_80",0.0984476561747974,0.8,6,4,30,900,180,1.8,0.134602001946721
30,"deviation_10",0.0205270985957721,0.1,6,6,30,900,810,8.1,0.0190067519228502
30,"deviation_30",0.0359277488328904,0.3,6,6,30,900,630,6.3,0.0391150710425973
30,"deviation_50",0.0600580209501522,0.5,6,6,30,900,450,4.5,0.061583366373797
30,"deviation_80",0.139403897983927,0.8,6,6,30,900,180,1.8,0.119952475720633
31,"deviation_10",0.253710841858174,0.1,6,1,10,100,90,0.9,0.412541968336326
31,"deviation_30",0.96994540881367,0.3,6,1,10,100,70,0.7,0.96531522298236
31,"deviation_50",1.53639817060776,0.5,6,1,10,100,50,0.5,1.64482715047682
31,"deviation_80",3.31395904242023,0.8,6,1,10,100,20,0.2,3.25486088850788
32,"deviation_10",0.185719392605187,0.1,6,1.5,10,100,90,0.9,0.212747779207969
32,"deviation_30",0.532357877679796,0.3,6,1.5,10,100,70,0.7,0.537122187050506
32,"deviation_50",0.838211138194209,0.5,6,1.5,10,100,50,0.5,0.998932523019561
32,"deviation_80",2.51452304714979,0.8,6,1.5,10,100,20,0.2,2.43805133869458
33,"deviation_10",0.0838780550807402,0.1,6,3,10,100,90,0.9,0.0771454448904091
33,"deviation_30",0.153348435907008,0.3,6,3,10,100,70,0.7,0.202636452790062
33,"deviation_50",0.371955134680706,0.5,6,3,10,100,50,0.5,0.309749764314976
33,"deviation_80",0.81937328057114,0.8,6,3,10,100,20,0.2,0.930643936463413
34,"deviation_10",0.0227710232357669,0.1,6,4,10,100,90,0.9,0.0653060275588064
34,"deviation_30",0.0810831172630139,0.3,6,4,10,100,70,0.7,0.152061680522147
34,"deviation_50",0.236154798360003,0.5,6,4,10,100,50,0.5,0.265254125356907
34,"deviation_80",0.335303006506245,0.8,6,4,10,100,20,0.2,0.677834234249258
35,"deviation_10",0.0689872714389653,0.1,6,6,10,100,90,0.9,0.0388354707590732
35,"deviation_30",0.13856411320455,0.3,6,6,10,100,70,0.7,0.108673726546393
35,"deviation_50",0.213987550718589,0.5,6,6,10,100,50,0.5,0.183846321256338
35,"deviation_80",0.735515155542798,0.8,6,6,10,100,20,0.2,0.51664822765273
36,"deviation_10",0.0924315177360827,0.1,6,1,20,400,360,3.6,0.109247368654026
36,"deviation_30",0.217036053272078,0.3,6,1,20,400,280,2.8,0.27121787307946
36,"deviation_50",0.388050284580368,0.5,6,1,20,400,200,2,0.498805663132222
36,"deviation_80",1.53598951749913,0.8,6,1,20,400,80,0.8,1.51766483551796
37,"deviation_10",0.0706683018752695,0.1,6,1.5,20,400,360,3.6,0.0676529272142444
37,"deviation_30",0.14306284149464,0.3,6,1.5,20,400,280,2.8,0.149477712332035
37,"deviation_50",0.266311960386525,0.5,6,1.5,20,400,200,2,0.245822891931105
37,"deviation_80",0.656845296025921,0.8,6,1.5,20,400,80,0.8,0.728707353285483
38,"deviation_10",0.0343067452277231,0.1,6,3,20,400,360,3.6,0.0396488694272405
38,"deviation_30",0.0927767743240311,0.3,6,3,20,400,280,2.8,0.0796206261251319
38,"deviation_50",0.135343116056146,0.5,6,3,20,400,200,2,0.132872258289682
38,"deviation_80",0.321848900410153,0.8,6,3,20,400,80,0.8,0.291236357191867
39,"deviation_10",0.041701140361955,0.1,6,4,20,400,360,3.6,0.0328033213037104
39,"deviation_30",0.0572417984784698,0.3,6,4,20,400,280,2.8,0.0647394709169918
39,"deviation_50",0.118062116570219,0.5,6,4,20,400,200,2,0.10360104923477
39,"deviation_80",0.264017764600187,0.8,6,4,20,400,80,0.8,0.232736038838764
40,"deviation_10",0.0335919687116836,0.1,6,6,20,400,360,3.6,0.027295093031633
40,"deviation_30",0.0786761459902142,0.3,6,6,20,400,280,2.8,0.054607618591806
40,"deviation_50",0.0822528910357758,0.5,6,6,20,400,200,2,0.0835592116727197
40,"deviation_80",0.217350309664915,0.8,6,6,20,400,80,0.8,0.184425120965873
41,"deviation_10",0.0683446400178929,0.1,6,1,30,900,810,8.1,0.0672337562567494
41,"deviation_30",0.130219895599233,0.3,6,1,30,900,630,6.3,0.138937137618178
41,"deviation_50",0.225031455043855,0.5,6,1,30,900,450,4.5,0.23355079933954
41,"deviation_80",0.620476022465989,0.8,6,1,30,900,180,1.8,0.643910126338558
42,"deviation_10",0.0327521410178322,0.1,6,1.5,30,900,810,8.1,0.0432562344799419
42,"deviation_30",0.0878990862508552,0.3,6,1.5,30,900,630,6.3,0.0960659992111504
42,"deviation_50",0.135144460630369,0.5,6,1.5,30,900,450,4.5,0.147768637576083
42,"deviation_80",0.296608265204639,0.8,6,1.5,30,900,180,1.8,0.349692429707488
43,"deviation_10",0.0389019048579037,0.1,6,3,30,900,810,8.1,0.0274165530164892
43,"deviation_30",0.0572957001559421,0.3,6,3,30,900,630,6.3,0.0548683806122472
43,"deviation_50",0.0907447797069417,0.5,6,3,30,900,450,4.5,0.0862725010523943
43,"deviation_80",0.176040990123016,0.8,6,3,30,900,180,1.8,0.170656777598871
44,"deviation_10",0.0319412318069848,0.1,6,4,30,900,810,8.1,0.0235567521328071
44,"deviation_30",0.0401748875435015,0.3,6,4,30,900,630,6.3,0.0434416636124562
44,"deviation_50",0.0595770180761788,0.5,6,4,30,900,450,4.5,0.0663860607248535
44,"deviation_80",0.179269741081973,0.8,6,4,30,900,180,1.8,0.134602001946721
45,"deviation_10",0.018441486247584,0.1,6,6,30,900,810,8.1,0.0190067519228502
45,"deviation_30",0.0366658101051973,0.3,6,6,30,900,630,6.3,0.0391150710425973
45,"deviation_50",0.0449463764594716,0.5,6,6,30,900,450,4.5,0.061583366373797
45,"deviation_80",0.138705527797167,0.8,6,6,30,900,180,1.8,0.119952475720633
46,"deviation_10",0.372472275410748,0.1,6,1,10,100,90,0.9,0.412541968336326
46,"deviation_30",1.10832113713319,0.3,6,1,10,100,70,0.7,0.96531522298236
46,"deviation_50",1.88823151094894,0.5,6,1,10,100,50,0.5,1.64482715047682
46,"deviation_80",3.34361437285199,0.8,6,1,10,100,20,0.2,3.25486088850788
47,"deviation_10",0.144912624854908,0.1,6,1.5,10,100,90,0.9,0.212747779207969
47,"deviation_30",0.574419305889846,0.3,6,1.5,10,100,70,0.7,0.537122187050506
47,"deviation_50",1.01456660554033,0.5,6,1.5,10,100,50,0.5,0.998932523019561
47,"deviation_80",2.15379435669497,0.8,6,1.5,10,100,20,0.2,2.43805133869458
48,"deviation_10",0.0386162171061833,0.1,6,3,10,100,90,0.9,0.0771454448904091
48,"deviation_30",0.222501162338969,0.3,6,3,10,100,70,0.7,0.202636452790062
48,"deviation_50",0.280490205281751,0.5,6,3,10,100,50,0.5,0.309749764314976
48,"deviation_80",1.05912663323401,0.8,6,3,10,100,20,0.2,0.930643936463413
49,"deviation_10",0.063333659232641,0.1,6,4,10,100,90,0.9,0.0653060275588064
49,"deviation_30",0.138563160942394,0.3,6,4,10,100,70,0.7,0.152061680522147
49,"deviation_50",0.451192004232906,0.5,6,4,10,100,50,0.5,0.265254125356907
49,"deviation_80",0.85579591209157,0.8,6,4,10,100,20,0.2,0.677834234249258
50,"deviation_10",0.0148333302788012,0.1,6,6,10,100,90,0.9,0.0388354707590732
50,"deviation_30",0.128988406778485,0.3,6,6,10,100,70,0.7,0.108673726546393
50,"deviation_50",0.191509872801789,0.5,6,6,10,100,50,0.5,0.183846321256338
50,"deviation_80",0.53889040036951,0.8,6,6,10,100,20,0.2,0.51664822765273
51,"deviation_10",0.0985990313043414,0.1,6,1,20,400,360,3.6,0.109247368654026
51,"deviation_30",0.272366551654294,0.3,6,1,20,400,280,2.8,0.27121787307946
51,"deviation_50",0.432141916898293,0.5,6,1,20,400,200,2,0.498805663132222
51,"deviation_80",1.16056240629055,0.8,6,1,20,400,80,0.8,1.51766483551796
52,"deviation_10",0.0636730951376015,0.1,6,1.5,20,400,360,3.6,0.0676529272142444
52,"deviation_30",0.136545776904358,0.3,6,1.5,20,400,280,2.8,0.149477712332035
52,"deviation_50",0.227820502490055,0.5,6,1.5,20,400,200,2,0.245822891931105
52,"deviation_80",0.894543665418137,0.8,6,1.5,20,400,80,0.8,0.728707353285483
53,"deviation_10",0.0293721937686758,0.1,6,3,20,400,360,3.6,0.0396488694272405
53,"deviation_30",0.0725404783445347,0.3,6,3,20,400,280,2.8,0.0796206261251319
53,"deviation_50",0.127567795418772,0.5,6,3,20,400,200,2,0.132872258289682
53,"deviation_80",0.274769160999986,0.8,6,3,20,400,80,0.8,0.291236357191867
54,"deviation_10",0.049371662607041,0.1,6,4,20,400,360,3.6,0.0328033213037104
54,"deviation_30",0.0791173812916469,0.3,6,4,20,400,280,2.8,0.0647394709169918
54,"deviation_50",0.0783744241705798,0.5,6,4,20,400,200,2,0.10360104923477
54,"deviation_80",0.189784080431892,0.8,6,4,20,400,80,0.8,0.232736038838764
55,"deviation_10",0.0284337902261848,0.1,6,6,20,400,360,3.6,0.027295093031633
55,"deviation_30",0.0554232139345444,0.3,6,6,20,400,280,2.8,0.054607618591806
55,"deviation_50",0.0791602737897613,0.5,6,6,20,400,200,2,0.0835592116727197
55,"deviation_80",0.196535183126606,0.8,6,6,20,400,80,0.8,0.184425120965873
56,"deviation_10",0.0595594287586115,0.1,6,1,30,900,810,8.1,0.0672337562567494
56,"deviation_30",0.129648587310992,0.3,6,1,30,900,630,6.3,0.138937137618178
56,"deviation_50",0.195108449303762,0.5,6,1,30,900,450,4.5,0.23355079933954
56,"deviation_80",0.549912865993604,0.8,6,1,30,900,180,1.8,0.643910126338558
57,"deviation_10",0.0407094203834615,0.1,6,1.5,30,900,810,8.1,0.0432562344799419
57,"deviation_30",0.10238289371539,0.3,6,1.5,30,900,630,6.3,0.0960659992111504
57,"deviation_50",0.162746421772613,0.5,6,1.5,30,900,450,4.5,0.147768637576083
57,"deviation_80",0.295529776711529,0.8,6,1.5,30,900,180,1.8,0.349692429707488
58,"deviation_10",0.0262312183731282,0.1,6,3,30,900,810,8.1,0.0274165530164892
58,"deviation_30",0.0481207907697898,0.3,6,3,30,900,630,6.3,0.0548683806122472
58,"deviation_50",0.110144909990718,0.5,6,3,30,900,450,4.5,0.0862725010523943
58,"deviation_80",0.147241170693807,0.8,6,3,30,900,180,1.8,0.170656777598871
59,"deviation_10",0.0194825022797437,0.1,6,4,30,900,810,8.1,0.0235567521328071
59,"deviation_30",0.0345339566950764,0.3,6,4,30,900,630,6.3,0.0434416636124562
59,"deviation_50",0.0593895238757599,0.5,6,4,30,900,450,4.5,0.0663860607248535
59,"deviation_80",0.110238890661932,0.8,6,4,30,900,180,1.8,0.134602001946721
60,"deviation_10",0.0140922254834965,0.1,6,6,30,900,810,8.1,0.0190067519228502
60,"deviation_30",0.0493318795564912,0.3,6,6,30,900,630,6.3,0.0391150710425973
60,"deviation_50",0.068941694181389,0.5,6,6,30,900,450,4.5,0.061583366373797
60,"deviation_80",0.104701561944226,0.8,6,6,30,900,180,1.8,0.119952475720633
61,"deviation_10",0.28163677055746,0.1,6,1,10,100,90,0.9,0.412541968336326
61,"deviation_30",0.866970486370991,0.3,6,1,10,100,70,0.7,0.96531522298236
61,"deviation_50",1.43765134384832,0.5,6,1,10,100,50,0.5,1.64482715047682
61,"deviation_80",3.47003019142178,0.8,6,1,10,100,20,0.2,3.25486088850788
62,"deviation_10",0.117629768034155,0.1,6,1.5,10,100,90,0.9,0.212747779207969
62,"deviation_30",0.390657262890735,0.3,6,1.5,10,100,70,0.7,0.537122187050506
62,"deviation_50",1.18965734711136,0.5,6,1.5,10,100,50,0.5,0.998932523019561
62,"deviation_80",2.45349547537684,0.8,6,1.5,10,100,20,0.2,2.43805133869458
63,"deviation_10",0.0696110136081784,0.1,6,3,10,100,90,0.9,0.0771454448904091
63,"deviation_30",0.304135501416428,0.3,6,3,10,100,70,0.7,0.202636452790062
63,"deviation_50",0.336502601932586,0.5,6,3,10,100,50,0.5,0.309749764314976
63,"deviation_80",1.12825093561191,0.8,6,3,10,100,20,0.2,0.930643936463413
64,"deviation_10",0.0725958804986503,0.1,6,4,10,100,90,0.9,0.0653060275588064
64,"deviation_30",0.177728497244982,0.3,6,4,10,100,70,0.7,0.152061680522147
64,"deviation_50",0.226547407712564,0.5,6,4,10,100,50,0.5,0.265254125356907
64,"deviation_80",0.565117063893107,0.8,6,4,10,100,20,0.2,0.677834234249258
65,"deviation_10",0.0531555737601223,0.1,6,6,10,100,90,0.9,0.0388354707590732
65,"deviation_30",0.131035863762429,0.3,6,6,10,100,70,0.7,0.108673726546393
65,"deviation_50",0.215293303605366,0.5,6,6,10,100,50,0.5,0.183846321256338
65,"deviation_80",0.661926772866867,0.8,6,6,10,100,20,0.2,0.51664822765273
66,"deviation_10",0.123351981822016,0.1,6,1,20,400,360,3.6,0.109247368654026
66,"deviation_30",0.247549617719663,0.3,6,1,20,400,280,2.8,0.27121787307946
66,"deviation_50",0.550669753368758,0.5,6,1,20,400,200,2,0.498805663132222
66,"deviation_80",1.3451556177151,0.8,6,1,20,400,80,0.8,1.51766483551796
67,"deviation_10",0.0628230152610833,0.1,6,1.5,20,400,360,3.6,0.0676529272142444
67,"deviation_30",0.132398302508318,0.3,6,1.5,20,400,280,2.8,0.149477712332035
67,"deviation_50",0.230208280294703,0.5,6,1.5,20,400,200,2,0.245822891931105
67,"deviation_80",0.666922391114873,0.8,6,1.5,20,400,80,0.8,0.728707353285483
68,"deviation_10",0.0344344538270715,0.1,6,3,20,400,360,3.6,0.0396488694272405
68,"deviation_30",0.0813261384793735,0.3,6,3,20,400,280,2.8,0.0796206261251319
68,"deviation_50",0.142273933164752,0.5,6,3,20,400,200,2,0.132872258289682
68,"deviation_80",0.344515683998549,0.8,6,3,20,400,80,0.8,0.291236357191867
69,"deviation_10",0.043214335867316,0.1,6,4,20,400,360,3.6,0.0328033213037104
69,"deviation_30",0.0689795255255869,0.3,6,4,20,400,280,2.8,0.0647394709169918
69,"deviation_50",0.134408087551154,0.5,6,4,20,400,200,2,0.10360104923477
69,"deviation_80",0.264881694240256,0.8,6,4,20,400,80,0.8,0.232736038838764
70,"deviation_10",0.0234076269284937,0.1,6,6,20,400,360,3.6,0.027295093031633
70,"deviation_30",0.0399757756697073,0.3,6,6,20,400,280,2.8,0.054607618591806
70,"deviation_50",0.0853745971704506,0.5,6,6,20,400,200,2,0.0835592116727197
70,"deviation_80",0.15889889385081,0.8,6,6,20,400,80,0.8,0.184425120965873
71,"deviation_10",0.0757085875135903,0.1,6,1,30,900,810,8.1,0.0672337562567494
71,"deviation_30",0.13968865546145,0.3,6,1,30,900,630,6.3,0.138937137618178
71,"deviation_50",0.255715650855831,0.5,6,1,30,900,450,4.5,0.23355079933954
71,"deviation_80",0.571733470085849,0.8,6,1,30,900,180,1.8,0.643910126338558
72,"deviation_10",0.04152103544436,0.1,6,1.5,30,900,810,8.1,0.0432562344799419
72,"deviation_30",0.102583163980359,0.3,6,1.5,30,900,630,6.3,0.0960659992111504
72,"deviation_50",0.13756486573989,0.5,6,1.5,30,900,450,4.5,0.147768637576083
72,"deviation_80",0.399091001743393,0.8,6,1.5,30,900,180,1.8,0.349692429707488
73,"deviation_10",0.0208417759178394,0.1,6,3,30,900,810,8.1,0.0274165530164892
73,"deviation_30",0.042632908063501,0.3,6,3,30,900,630,6.3,0.0548683806122472
73,"deviation_50",0.0991812739455853,0.5,6,3,30,900,450,4.5,0.0862725010523943
73,"deviation_80",0.158799900044171,0.8,6,3,30,900,180,1.8,0.170656777598871
74,"deviation_10",0.0246549629953971,0.1,6,4,30,900,810,8.1,0.0235567521328071
74,"deviation_30",0.0388506835290305,0.3,6,4,30,900,630,6.3,0.0434416636124562
74,"deviation_50",0.0653363221724546,0.5,6,4,30,900,450,4.5,0.0663860607248535
74,"deviation_80",0.127469551974422,0.8,6,4,30,900,180,1.8,0.134602001946721
75,"deviation_10",0.0198230576606004,0.1,6,6,30,900,810,8.1,0.0190067519228502
75,"deviation_30",0.0366009588026742,0.3,6,6,30,900,630,6.3,0.0391150710425973
75,"deviation_50",0.0673930014995119,0.5,6,6,30,900,450,4.5,0.061583366373797
75,"deviation_80",0.150089924119225,0.8,6,6,30,900,180,1.8,0.119952475720633
76,"deviation_10",0.517178844685532,0.1,6,1,10,100,90,0.9,0.412541968336326
76,"deviation_30",0.645045193782214,0.3,6,1,10,100,70,0.7,0.96531522298236
76,"deviation_50",1.39015748103839,0.5,6,1,10,100,50,0.5,1.64482715047682
76,"deviation_80",2.53968406729625,0.8,6,1,10,100,20,0.2,3.25486088850788
77,"deviation_10",0.229852023105406,0.1,6,1.5,10,100,90,0.9,0.212747779207969
77,"deviation_30",0.806290455072294,0.3,6,1.5,10,100,70,0.7,0.537122187050506
77,"deviation_50",1.15645206418541,0.5,6,1.5,10,100,50,0.5,0.998932523019561
77,"deviation_80",2.29273212837747,0.8,6,1.5,10,100,20,0.2,2.43805133869458
78,"deviation_10",0.124503783973573,0.1,6,3,10,100,90,0.9,0.0771454448904091
78,"deviation_30",0.14762480441806,0.3,6,3,10,100,70,0.7,0.202636452790062
78,"deviation_50",0.32738730563918,0.5,6,3,10,100,50,0.5,0.309749764314976
78,"deviation_80",0.829031060926768,0.8,6,3,10,100,20,0.2,0.930643936463413
79,"deviation_10",0.0406661076938503,0.1,6,4,10,100,90,0.9,0.0653060275588064
79,"deviation_30",0.148559762786155,0.3,6,4,10,100,70,0.7,0.152061680522147
79,"deviation_50",0.34697159140342,0.5,6,4,10,100,50,0.5,0.265254125356907
79,"deviation_80",0.723476339938793,0.8,6,4,10,100,20,0.2,0.677834234249258
80,"deviation_10",0.047148344450139,0.1,6,6,10,100,90,0.9,0.0388354707590732
80,"deviation_30",0.0978901135404026,0.3,6,6,10,100,70,0.7,0.108673726546393
80,"deviation_50",0.176554429940784,0.5,6,6,10,100,50,0.5,0.183846321256338
80,"deviation_80",0.547221829807581,0.8,6,6,10,100,20,0.2,0.51664822765273
81,"deviation_10",0.0943588120560776,0.1,6,1,20,400,360,3.6,0.109247368654026
81,"deviation_30",0.329651473379472,0.3,6,1,20,400,280,2.8,0.27121787307946
81,"deviation_50",0.44758241108356,0.5,6,1,20,400,200,2,0.498805663132222
81,"deviation_80",1.61705236703987,0.8,6,1,20,400,80,0.8,1.51766483551796
82,"deviation_10",0.0476431940441715,0.1,6,1.5,20,400,360,3.6,0.0676529272142444
82,"deviation_30",0.13070910533636,0.3,6,1.5,20,400,280,2.8,0.149477712332035
82,"deviation_50",0.231011879806297,0.5,6,1.5,20,400,200,2,0.245822891931105
82,"deviation_80",0.645065860001242,0.8,6,1.5,20,400,80,0.8,0.728707353285483
83,"deviation_10",0.0294701233647549,0.1,6,3,20,400,360,3.6,0.0396488694272405
83,"deviation_30",0.0876767242877025,0.3,6,3,20,400,280,2.8,0.0796206261251319
83,"deviation_50",0.114191766765084,0.5,6,3,20,400,200,2,0.132872258289682
83,"deviation_80",0.231333968621431,0.8,6,3,20,400,80,0.8,0.291236357191867
84,"deviation_10",0.0251790174595662,0.1,6,4,20,400,360,3.6,0.0328033213037104
84,"deviation_30",0.064576273375961,0.3,6,4,20,400,280,2.8,0.0647394709169918
84,"deviation_50",0.0700108013605914,0.5,6,4,20,400,200,2,0.10360104923477
84,"deviation_80",0.219899057028052,0.8,6,4,20,400,80,0.8,0.232736038838764
85,"deviation_10",0.027137956437265,0.1,6,6,20,400,360,3.6,0.027295093031633
85,"deviation_30",0.0496415952548804,0.3,6,6,20,400,280,2.8,0.054607618591806
85,"deviation_50",0.106166288940999,0.5,6,6,20,400,200,2,0.0835592116727197
85,"deviation_80",0.150510400715234,0.8,6,6,20,400,80,0.8,0.184425120965873
86,"deviation_10",0.068824679789688,0.1,6,1,30,900,810,8.1,0.0672337562567494
86,"deviation_30",0.127451379461783,0.3,6,1,30,900,630,6.3,0.138937137618178
86,"deviation_50",0.282433869901171,0.5,6,1,30,900,450,4.5,0.23355079933954
86,"deviation_80",0.72426454363821,0.8,6,1,30,900,180,1.8,0.643910126338558
87,"deviation_10",0.0465053292051061,0.1,6,1.5,30,900,810,8.1,0.0432562344799419
87,"deviation_30",0.0962046328399097,0.3,6,1.5,30,900,630,6.3,0.0960659992111504
87,"deviation_50",0.11893663510137,0.5,6,1.5,30,900,450,4.5,0.147768637576083
87,"deviation_80",0.381785337169651,0.8,6,1.5,30,900,180,1.8,0.349692429707488
88,"deviation_10",0.0300435775243418,0.1,6,3,30,900,810,8.1,0.0274165530164892
88,"deviation_30",0.062406481820646,0.3,6,3,30,900,630,6.3,0.0548683806122472
88,"deviation_50",0.0727277657010007,0.5,6,3,30,900,450,4.5,0.0862725010523943
88,"deviation_80",0.160521554196429,0.8,6,3,30,900,180,1.8,0.170656777598871
89,"deviation_10",0.0263481934650813,0.1,6,4,30,900,810,8.1,0.0235567521328071
89,"deviation_30",0.040731691260627,0.3,6,4,30,900,630,6.3,0.0434416636124562
89,"deviation_50",0.070766306400495,0.5,6,4,30,900,450,4.5,0.0663860607248535
89,"deviation_80",0.163175767885282,0.8,6,4,30,900,180,1.8,0.134602001946721
90,"deviation_10",0.0189127196399176,0.1,6,6,30,900,810,8.1,0.0190067519228502
90,"deviation_30",0.0331346900693078,0.3,6,6,30,900,630,6.3,0.0391150710425973
90,"deviation_50",0.0500607606192634,0.5,6,6,30,900,450,4.5,0.061583366373797
90,"deviation_80",0.150865437755286,0.8,6,6,30,900,180,1.8,0.119952475720633
91,"deviation_10",0.54391252112575,0.1,6,1,10,100,90,0.9,0.412541968336326
91,"deviation_30",0.799911815742497,0.3,6,1,10,100,70,0.7,0.96531522298236
91,"deviation_50",1.78708788791822,0.5,6,1,10,100,50,0.5,1.64482715047682
91,"deviation_80",3.59825832156792,0.8,6,1,10,100,20,0.2,3.25486088850788
92,"deviation_10",0.192623441803315,0.1,6,1.5,10,100,90,0.9,0.212747779207969
92,"deviation_30",0.738674591681042,0.3,6,1.5,10,100,70,0.7,0.537122187050506
92,"deviation_50",0.883389001269664,0.5,6,1.5,10,100,50,0.5,0.998932523019561
92,"deviation_80",2.60887557043828,0.8,6,1.5,10,100,20,0.2,2.43805133869458
93,"deviation_10",0.068398594497041,0.1,6,3,10,100,90,0.9,0.0771454448904091
93,"deviation_30",0.127870469207442,0.3,6,3,10,100,70,0.7,0.202636452790062
93,"deviation_50",0.279806184200738,0.5,6,3,10,100,50,0.5,0.309749764314976
93,"deviation_80",0.981358640152439,0.8,6,3,10,100,20,0.2,0.930643936463413
94,"deviation_10",0.0521790981490282,0.1,6,4,10,100,90,0.9,0.0653060275588064
94,"deviation_30",0.171844887614452,0.3,6,4,10,100,70,0.7,0.152061680522147
94,"deviation_50",0.289732345448913,0.5,6,4,10,100,50,0.5,0.265254125356907
94,"deviation_80",0.666308520675847,0.8,6,4,10,100,20,0.2,0.677834234249258
95,"deviation_10",0.0350980404257953,0.1,6,6,10,100,90,0.9,0.0388354707590732
95,"deviation_30",0.136346881960591,0.3,6,6,10,100,70,0.7,0.108673726546393
95,"deviation_50",0.219023513142482,0.5,6,6,10,100,50,0.5,0.183846321256338
95,"deviation_80",0.171700699511956,0.8,6,6,10,100,20,0.2,0.51664822765273
96,"deviation_10",0.101976434476805,0.1,6,1,20,400,360,3.6,0.109247368654026
96,"deviation_30",0.253441262173144,0.3,6,1,20,400,280,2.8,0.27121787307946
96,"deviation_50",0.426369226007589,0.5,6,1,20,400,200,2,0.498805663132222
96,"deviation_80",1.40853495957806,0.8,6,1,20,400,80,0.8,1.51766483551796
97,"deviation_10",0.0862732500382614,0.1,6,1.5,20,400,360,3.6,0.0676529272142444
97,"deviation_30",0.166032507273332,0.3,6,1.5,20,400,280,2.8,0.149477712332035
97,"deviation_50",0.227074380581962,0.5,6,1.5,20,400,200,2,0.245822891931105
97,"deviation_80",0.716253754749099,0.8,6,1.5,20,400,80,0.8,0.728707353285483
98,"deviation_10",0.0336792040707505,0.1,6,3,20,400,360,3.6,0.0396488694272405
98,"deviation_30",0.0660822222024706,0.3,6,3,20,400,280,2.8,0.0796206261251319
98,"deviation_50",0.128812671688482,0.5,6,3,20,400,200,2,0.132872258289682
98,"deviation_80",0.218522515829654,0.8,6,3,20,400,80,0.8,0.291236357191867
99,"deviation_10",0.0292125903069664,0.1,6,4,20,400,360,3.6,0.0328033213037104
99,"deviation_30",0.0853431707022131,0.3,6,4,20,400,280,2.8,0.0647394709169918
99,"deviation_50",0.104189901980575,0.5,6,4,20,400,200,2,0.10360104923477
99,"deviation_80",0.218626041999157,0.8,6,4,20,400,80,0.8,0.232736038838764
100,"deviation_10",0.0260303779646336,0.1,6,6,20,400,360,3.6,0.027295093031633
100,"deviation_30",0.0683689328633193,0.3,6,6,20,400,280,2.8,0.054607618591806
100,"deviation_50",0.0780977877095018,0.5,6,6,20,400,200,2,0.0835592116727197
100,"deviation_80",0.249684712890095,0.8,6,6,20,400,80,0.8,0.184425120965873
101,"deviation_10",0.0796162821471699,0.1,6,1,30,900,810,8.1,0.0672337562567494
101,"deviation_30",0.159941190094733,0.3,6,1,30,900,630,6.3,0.138937137618178
101,"deviation_50",0.24907942809959,0.5,6,1,30,900,450,4.5,0.23355079933954
101,"deviation_80",0.701048094366102,0.8,6,1,30,900,180,1.8,0.643910126338558
102,"deviation_10",0.0445729350419533,0.1,6,1.5,30,900,810,8.1,0.0432562344799419
102,"deviation_30",0.0902110993915319,0.3,6,1.5,30,900,630,6.3,0.0960659992111504
102,"deviation_50",0.148420655757429,0.5,6,1.5,30,900,450,4.5,0.147768637576083
102,"deviation_80",0.332484566439655,0.8,6,1.5,30,900,180,1.8,0.349692429707488
103,"deviation_10",0.0236599213124766,0.1,6,3,30,900,810,8.1,0.0274165530164892
103,"deviation_30",0.0544657266654095,0.3,6,3,30,900,630,6.3,0.0548683806122472
103,"deviation_50",0.0833299108573274,0.5,6,3,30,900,450,4.5,0.0862725010523943
103,"deviation_80",0.174892322534253,0.8,6,3,30,900,180,1.8,0.170656777598871
104,"deviation_10",0.020918936490873,0.1,6,4,30,900,810,8.1,0.0235567521328071
104,"deviation_30",0.0479114146789007,0.3,6,4,30,900,630,6.3,0.0434416636124562
104,"deviation_50",0.0644184475451639,0.5,6,4,30,900,450,4.5,0.0663860607248535
104,"deviation_80",0.156140820154906,0.8,6,4,30,900,180,1.8,0.134602001946721
105,"deviation_10",0.0193974703061876,0.1,6,6,30,900,810,8.1,0.0190067519228502
105,"deviation_30",0.0300383806321175,0.3,6,6,30,900,630,6.3,0.0391150710425973
105,"deviation_50",0.0479186313448819,0.5,6,6,30,900,450,4.5,0.061583366373797
105,"deviation_80",0.134962498145314,0.8,6,6,30,900,180,1.8,0.119952475720633
106,"deviation_10",0.399588113265058,0.1,6,1,10,100,90,0.9,0.412541968336326
106,"deviation_30",0.93090431197472,0.3,6,1,10,100,70,0.7,0.96531522298236
106,"deviation_50",2.22168333088302,0.5,6,1,10,100,50,0.5,1.64482715047682
106,"deviation_80",3.24299353939732,0.8,6,1,10,100,20,0.2,3.25486088850788
107,"deviation_10",0.31599522561672,0.1,6,1.5,10,100,90,0.9,0.212747779207969
107,"deviation_30",0.788223836480763,0.3,6,1.5,10,100,70,0.7,0.537122187050506
107,"deviation_50",0.894547357927869,0.5,6,1.5,10,100,50,0.5,0.998932523019561
107,"deviation_80",2.13990425440053,0.8,6,1.5,10,100,20,0.2,2.43805133869458
108,"deviation_10",0.0994421456917828,0.1,6,3,10,100,90,0.9,0.0771454448904091
108,"deviation_30",0.311841859350029,0.3,6,3,10,100,70,0.7,0.202636452790062
108,"deviation_50",0.430138782263217,0.5,6,3,10,100,50,0.5,0.309749764314976
108,"deviation_80",0.762199726444412,0.8,6,3,10,100,20,0.2,0.930643936463413
109,"deviation_10",0.0724880423850026,0.1,6,4,10,100,90,0.9,0.0653060275588064
109,"deviation_30",0.130481980913123,0.3,6,4,10,100,70,0.7,0.152061680522147
109,"deviation_50",0.178926290231091,0.5,6,4,10,100,50,0.5,0.265254125356907
109,"deviation_80",0.56925834869472,0.8,6,4,10,100,20,0.2,0.677834234249258
110,"deviation_10",0.0373820258014599,0.1,6,6,10,100,90,0.9,0.0388354707590732
110,"deviation_30",0.115283290072039,0.3,6,6,10,100,70,0.7,0.108673726546393
110,"deviation_50",0.178621586491801,0.5,6,6,10,100,50,0.5,0.183846321256338
110,"deviation_80",0.96901162650623,0.8,6,6,10,100,20,0.2,0.51664822765273
111,"deviation_10",0.104407704781195,0.1,6,1,20,400,360,3.6,0.109247368654026
111,"deviation_30",0.242976469728276,0.3,6,1,20,400,280,2.8,0.27121787307946
111,"deviation_50",0.512049752188585,0.5,6,1,20,400,200,2,0.498805663132222
111,"deviation_80",1.352787059562,0.8,6,1,20,400,80,0.8,1.51766483551796
112,"deviation_10",0.0852664628886171,0.1,6,1.5,20,400,360,3.6,0.0676529272142444
112,"deviation_30",0.18430495472349,0.3,6,1.5,20,400,280,2.8,0.149477712332035
112,"deviation_50",0.278170956959716,0.5,6,1.5,20,400,200,2,0.245822891931105
112,"deviation_80",1.03418768471546,0.8,6,1.5,20,400,80,0.8,0.728707353285483
113,"deviation_10",0.0383791892750547,0.1,6,3,20,400,360,3.6,0.0396488694272405
113,"deviation_30",0.0633649259149863,0.3,6,3,20,400,280,2.8,0.0796206261251319
113,"deviation_50",0.134535819760789,0.5,6,3,20,400,200,2,0.132872258289682
113,"deviation_80",0.420879538969989,0.8,6,3,20,400,80,0.8,0.291236357191867
114,"deviation_10",0.0301769455645594,0.1,6,4,20,400,360,3.6,0.0328033213037104
114,"deviation_30",0.045715393296075,0.3,6,4,20,400,280,2.8,0.0647394709169918
114,"deviation_50",0.0992860431598242,0.5,6,4,20,400,200,2,0.10360104923477
114,"deviation_80",0.142945005757729,0.8,6,4,20,400,80,0.8,0.232736038838764
115,"deviation_10",0.0210727196748942,0.1,6,6,20,400,360,3.6,0.027295093031633
115,"deviation_30",0.0554595566042877,0.3,6,6,20,400,280,2.8,0.054607618591806
115,"deviation_50",0.095232106944395,0.5,6,6,20,400,200,2,0.0835592116727197
115,"deviation_80",0.146499157523642,0.8,6,6,20,400,80,0.8,0.184425120965873
116,"deviation_10",0.0707210294752414,0.1,6,1,30,900,810,8.1,0.0672337562567494
116,"deviation_30",0.148041157342704,0.3,6,1,30,900,630,6.3,0.138937137618178
116,"deviation_50",0.211809329729123,0.5,6,1,30,900,450,4.5,0.23355079933954
116,"deviation_80",0.68002078400163,0.8,6,1,30,900,180,1.8,0.643910126338558
117,"deviation_10",0.0394265264461999,0.1,6,1.5,30,900,810,8.1,0.0432562344799419
117,"deviation_30",0.0970041294527237,0.3,6,1.5,30,900,630,6.3,0.0960659992111504
117,"deviation_50",0.141816402503304,0.5,6,1.5,30,900,450,4.5,0.147768637576083
117,"deviation_80",0.332547170774003,0.8,6,1.5,30,900,180,1.8,0.349692429707488
118,"deviation_10",0.0242540085628881,0.1,6,3,30,900,810,8.1,0.0274165530164892
118,"deviation_30",0.0497499473367103,0.3,6,3,30,900,630,6.3,0.0548683806122472
118,"deviation_50",0.089384828965134,0.5,6,3,30,900,450,4.5,0.0862725010523943
118,"deviation_80",0.167405812516287,0.8,6,3,30,900,180,1.8,0.170656777598871
119,"deviation_10",0.0281207235401541,0.1,6,4,30,900,810,8.1,0.0235567521328071
119,"deviation_30",0.0527578285259277,0.3,6,4,30,900,630,6.3,0.0434416636124562
119,"deviation_50",0.0697661746959793,0.5,6,4,30,900,450,4.5,0.0663860607248535
119,"deviation_80",0.125424776469036,0.8,6,4,30,900,180,1.8,0.134602001946721
120,"deviation_10",0.0170620584269785,0.1,6,6,30,900,810,8.1,0.0190067519228502
120,"deviation_30",0.0380067756107171,0.3,6,6,30,900,630,6.3,0.0391150710425973
120,"deviation_50",0.0670897748244642,0.5,6,6,30,900,450,4.5,0.061583366373797
120,"deviation_80",0.101144708893788,0.8,6,6,30,900,180,1.8,0.119952475720633
121,"deviation_10",0.309620493032259,0.1,6,1,10,100,90,0.9,0.412541968336326
121,"deviation_30",1.29321428777875,0.3,6,1,10,100,70,0.7,0.96531522298236
121,"deviation_50",1.57752438345652,0.5,6,1,10,100,50,0.5,1.64482715047682
121,"deviation_80",3.80294155928708,0.8,6,1,10,100,20,0.2,3.25486088850788
122,"deviation_10",0.158977660427283,0.1,6,1.5,10,100,90,0.9,0.212747779207969
122,"deviation_30",0.459831565045619,0.3,6,1.5,10,100,70,0.7,0.537122187050506
122,"deviation_50",1.07671530936943,0.5,6,1.5,10,100,50,0.5,0.998932523019561
122,"deviation_80",3.03636617638047,0.8,6,1.5,10,100,20,0.2,2.43805133869458
123,"deviation_10",0.0923605034723249,0.1,6,3,10,100,90,0.9,0.0771454448904091
123,"deviation_30",0.185593005959132,0.3,6,3,10,100,70,0.7,0.202636452790062
123,"deviation_50",0.357836040095518,0.5,6,3,10,100,50,0.5,0.309749764314976
123,"deviation_80",0.986829235496264,0.8,6,3,10,100,20,0.2,0.930643936463413
124,"deviation_10",0.110940780801169,0.1,6,4,10,100,90,0.9,0.0653060275588064
124,"deviation_30",0.218084398727491,0.3,6,4,10,100,70,0.7,0.152061680522147
124,"deviation_50",0.171000417442414,0.5,6,4,10,100,50,0.5,0.265254125356907
124,"deviation_80",0.780305291240649,0.8,6,4,10,100,20,0.2,0.677834234249258
125,"deviation_10",0.0457329506602644,0.1,6,6,10,100,90,0.9,0.0388354707590732
125,"deviation_30",0.0817798992066587,0.3,6,6,10,100,70,0.7,0.108673726546393
125,"deviation_50",0.14453108698911,0.5,6,6,10,100,50,0.5,0.183846321256338
125,"deviation_80",0.58199534568873,0.8,6,6,10,100,20,0.2,0.51664822765273
126,"deviation_10",0.149124369830046,0.1,6,1,20,400,360,3.6,0.109247368654026
126,"deviation_30",0.230312869711242,0.3,6,1,20,400,280,2.8,0.27121787307946
126,"deviation_50",0.473152793960297,0.5,6,1,20,400,200,2,0.498805663132222
126,"deviation_80",1.41758309590954,0.8,6,1,20,400,80,0.8,1.51766483551796
127,"deviation_10",0.0630888216089696,0.1,6,1.5,20,400,360,3.6,0.0676529272142444
127,"deviation_30",0.175998282229859,0.3,6,1.5,20,400,280,2.8,0.149477712332035
127,"deviation_50",0.257554098841309,0.5,6,1.5,20,400,200,2,0.245822891931105
127,"deviation_80",0.643718771853499,0.8,6,1.5,20,400,80,0.8,0.728707353285483
128,"deviation_10",0.0645420345331995,0.1,6,3,20,400,360,3.6,0.0396488694272405
128,"deviation_30",0.0894074745252774,0.3,6,3,20,400,280,2.8,0.0796206261251319
128,"deviation_50",0.13293532008774,0.5,6,3,20,400,200,2,0.132872258289682
128,"deviation_80",0.276591253666653,0.8,6,3,20,400,80,0.8,0.291236357191867
129,"deviation_10",0.0288931529778343,0.1,6,4,20,400,360,3.6,0.0328033213037104
129,"deviation_30",0.0704762830215817,0.3,6,4,20,400,280,2.8,0.0647394709169918
129,"deviation_50",0.0856371731947854,0.5,6,4,20,400,200,2,0.10360104923477
129,"deviation_80",0.253057716216527,0.8,6,4,20,400,80,0.8,0.232736038838764
130,"deviation_10",0.0244365003155474,0.1,6,6,20,400,360,3.6,0.027295093031633
130,"deviation_30",0.0509082086708089,0.3,6,6,20,400,280,2.8,0.054607618591806
130,"deviation_50",0.108842152595906,0.5,6,6,20,400,200,2,0.0835592116727197
130,"deviation_80",0.149835489829128,0.8,6,6,20,400,80,0.8,0.184425120965873
131,"deviation_10",0.0580280377211879,0.1,6,1,30,900,810,8.1,0.0672337562567494
131,"deviation_30",0.132555944986134,0.3,6,1,30,900,630,6.3,0.138937137618178
131,"deviation_50",0.194811875273783,0.5,6,1,30,900,450,4.5,0.23355079933954
131,"deviation_80",0.598249512137181,0.8,6,1,30,900,180,1.8,0.643910126338558
132,"deviation_10",0.0411369115860857,0.1,6,1.5,30,900,810,8.1,0.0432562344799419
132,"deviation_30",0.108090629451712,0.3,6,1.5,30,900,630,6.3,0.0960659992111504
132,"deviation_50",0.139333641291828,0.5,6,1.5,30,900,450,4.5,0.147768637576083
132,"deviation_80",0.329060973693776,0.8,6,1.5,30,900,180,1.8,0.349692429707488
133,"deviation_10",0.0304668944884443,0.1,6,3,30,900,810,8.1,0.0274165530164892
133,"deviation_30",0.0607236472769214,0.3,6,3,30,900,630,6.3,0.0548683806122472
133,"deviation_50",0.0810594801711554,0.5,6,3,30,900,450,4.5,0.0862725010523943
133,"deviation_80",0.181054178346559,0.8,6,3,30,900,180,1.8,0.170656777598871
134,"deviation_10",0.0155647540292484,0.1,6,4,30,900,810,8.1,0.0235567521328071
134,"deviation_30",0.050223678639817,0.3,6,4,30,900,630,6.3,0.0434416636124562
134,"deviation_50",0.0745362963526478,0.5,6,4,30,900,450,4.5,0.0663860607248535
134,"deviation_80",0.152391994420427,0.8,6,4,30,900,180,1.8,0.134602001946721
135,"deviation_10",0.0186402415737187,0.1,6,6,30,900,810,8.1,0.0190067519228502
135,"deviation_30",0.0508426201042548,0.3,6,6,30,900,630,6.3,0.0391150710425973
135,"deviation_50",0.0616454427382261,0.5,6,6,30,900,450,4.5,0.061583366373797
135,"deviation_80",0.104616204218447,0.8,6,6,30,900,180,1.8,0.119952475720633
136,"deviation_10",0.410323996023743,0.1,6,1,10,100,90,0.9,0.412541968336326
136,"deviation_30",0.942574473088716,0.3,6,1,10,100,70,0.7,0.96531522298236
136,"deviation_50",1.70020372461478,0.5,6,1,10,100,50,0.5,1.64482715047682
136,"deviation_80",2.86422160160343,0.8,6,1,10,100,20,0.2,3.25486088850788
137,"deviation_10",0.527683277977639,0.1,6,1.5,10,100,90,0.9,0.212747779207969
137,"deviation_30",0.656080044948948,0.3,6,1.5,10,100,70,0.7,0.537122187050506
137,"deviation_50",0.762726853846005,0.5,6,1.5,10,100,50,0.5,0.998932523019561
137,"deviation_80",3.13288841300462,0.8,6,1.5,10,100,20,0.2,2.43805133869458
138,"deviation_10",0.0554626442686035,0.1,6,3,10,100,90,0.9,0.0771454448904091
138,"deviation_30",0.147379065850324,0.3,6,3,10,100,70,0.7,0.202636452790062
138,"deviation_50",0.236162485876333,0.5,6,3,10,100,50,0.5,0.309749764314976
138,"deviation_80",0.632788901205142,0.8,6,3,10,100,20,0.2,0.930643936463413
139,"deviation_10",0.0429801923436882,0.1,6,4,10,100,90,0.9,0.0653060275588064
139,"deviation_30",0.134128263269494,0.3,6,4,10,100,70,0.7,0.152061680522147
139,"deviation_50",0.186729629504565,0.5,6,4,10,100,50,0.5,0.265254125356907
139,"deviation_80",0.46254507931446,0.8,6,4,10,100,20,0.2,0.677834234249258
140,"deviation_10",0.0289255598651506,0.1,6,6,10,100,90,0.9,0.0388354707590732
140,"deviation_30",0.123276870654578,0.3,6,6,10,100,70,0.7,0.108673726546393
140,"deviation_50",0.170462026533672,0.5,6,6,10,100,50,0.5,0.183846321256338
140,"deviation_80",0.187547947371947,0.8,6,6,10,100,20,0.2,0.51664822765273
141,"deviation_10",0.111142363820922,0.1,6,1,20,400,360,3.6,0.109247368654026
141,"deviation_30",0.34096948901737,0.3,6,1,20,400,280,2.8,0.27121787307946
141,"deviation_50",0.490855453997517,0.5,6,1,20,400,200,2,0.498805663132222
141,"deviation_80",1.71622348698449,0.8,6,1,20,400,80,0.8,1.51766483551796
142,"deviation_10",0.0532526588698046,0.1,6,1.5,20,400,360,3.6,0.0676529272142444
142,"deviation_30",0.139882510313718,0.3,6,1.5,20,400,280,2.8,0.149477712332035
142,"deviation_50",0.246508557503783,0.5,6,1.5,20,400,200,2,0.245822891931105
142,"deviation_80",0.57491845698145,0.8,6,1.5,20,400,80,0.8,0.728707353285483
143,"deviation_10",0.0331177826213897,0.1,6,3,20,400,360,3.6,0.0396488694272405
143,"deviation_30",0.05071985684325,0.3,6,3,20,400,280,2.8,0.0796206261251319
143,"deviation_50",0.0999918403443246,0.5,6,3,20,400,200,2,0.132872258289682
143,"deviation_80",0.377782626388311,0.8,6,3,20,400,80,0.8,0.291236357191867
144,"deviation_10",0.0429656672192177,0.1,6,4,20,400,360,3.6,0.0328033213037104
144,"deviation_30",0.0747929746428018,0.3,6,4,20,400,280,2.8,0.0647394709169918
144,"deviation_50",0.116171734964895,0.5,6,4,20,400,200,2,0.10360104923477
144,"deviation_80",0.172005906498197,0.8,6,4,20,400,80,0.8,0.232736038838764
145,"deviation_10",0.0392176882022912,0.1,6,6,20,400,360,3.6,0.027295093031633
145,"deviation_30",0.0662569285406359,0.3,6,6,20,400,280,2.8,0.054607618591806
145,"deviation_50",0.076058295548735,0.5,6,6,20,400,200,2,0.0835592116727197
145,"deviation_80",0.165061738061234,0.8,6,6,20,400,80,0.8,0.184425120965873
146,"deviation_10",0.0723566750611254,0.1,6,1,30,900,810,8.1,0.0672337562567494
146,"deviation_30",0.138830671134172,0.3,6,1,30,900,630,6.3,0.138937137618178
146,"deviation_50",0.214742988015309,0.5,6,1,30,900,450,4.5,0.23355079933954
146,"deviation_80",0.626383140650912,0.8,6,1,30,900,180,1.8,0.643910126338558
147,"deviation_10",0.0417024518673952,0.1,6,1.5,30,900,810,8.1,0.0432562344799419
147,"deviation_30",0.077378535903247,0.3,6,1.5,30,900,630,6.3,0.0960659992111504
147,"deviation_50",0.140091044565178,0.5,6,1.5,30,900,450,4.5,0.147768637576083
147,"deviation_80",0.36669897450059,0.8,6,1.5,30,900,180,1.8,0.349692429707488
148,"deviation_10",0.0276968730424383,0.1,6,3,30,900,810,8.1,0.0274165530164892
148,"deviation_30",0.0459470805380391,0.3,6,3,30,900,630,6.3,0.0548683806122472
148,"deviation_50",0.0722112138435118,0.5,6,3,30,900,450,4.5,0.0862725010523943
148,"deviation_80",0.170861962290598,0.8,6,3,30,900,180,1.8,0.170656777598871
149,"deviation_10",0.0181207893877476,0.1,6,4,30,900,810,8.1,0.0235567521328071
149,"deviation_30",0.0329926827489705,0.3,6,4,30,900,630,6.3,0.0434416636124562
149,"deviation_50",0.0706772773575432,0.5,6,4,30,900,450,4.5,0.0663860607248535
149,"deviation_80",0.110627194433039,0.8,6,4,30,900,180,1.8,0.134602001946721
150,"deviation_10",0.0244432556179902,0.1,6,6,30,900,810,8.1,0.0190067519228502
150,"deviation_30",0.0416961961996769,0.3,6,6,30,900,630,6.3,0.0391150710425973
150,"deviation_50",0.0557301447433993,0.5,6,6,30,900,450,4.5,0.061583366373797
150,"deviation_80",0.10239775758025,0.8,6,6,30,900,180,1.8,0.119952475720633
151,"deviation_10",0.414951847351981,0.1,6,1,10,100,90,0.9,0.412541968336326
151,"deviation_30",0.730593836418206,0.3,6,1,10,100,70,0.7,0.96531522298236
151,"deviation_50",1.52102839167139,0.5,6,1,10,100,50,0.5,1.64482715047682
151,"deviation_80",3.2120950389755,0.8,6,1,10,100,20,0.2,3.25486088850788
152,"deviation_10",0.243274795480654,0.1,6,1.5,10,100,90,0.9,0.212747779207969
152,"deviation_30",0.431359438739416,0.3,6,1.5,10,100,70,0.7,0.537122187050506
152,"deviation_50",0.939595160860189,0.5,6,1.5,10,100,50,0.5,0.998932523019561
152,"deviation_80",2.25382605001092,0.8,6,1.5,10,100,20,0.2,2.43805133869458
153,"deviation_10",0.0817172198129205,0.1,6,3,10,100,90,0.9,0.0771454448904091
153,"deviation_30",0.255879920157222,0.3,6,3,10,100,70,0.7,0.202636452790062
153,"deviation_50",0.202579730868097,0.5,6,3,10,100,50,0.5,0.309749764314976
153,"deviation_80",1.0929677005191,0.8,6,3,10,100,20,0.2,0.930643936463413
154,"deviation_10",0.0581161268844258,0.1,6,4,10,100,90,0.9,0.0653060275588064
154,"deviation_30",0.147805174762698,0.3,6,4,10,100,70,0.7,0.152061680522147
154,"deviation_50",0.229482652142239,0.5,6,4,10,100,50,0.5,0.265254125356907
154,"deviation_80",0.697265585816817,0.8,6,4,10,100,20,0.2,0.677834234249258
155,"deviation_10",0.0551140556581557,0.1,6,6,10,100,90,0.9,0.0388354707590732
155,"deviation_30",0.155119738339011,0.3,6,6,10,100,70,0.7,0.108673726546393
155,"deviation_50",0.199076881232286,0.5,6,6,10,100,50,0.5,0.183846321256338
155,"deviation_80",0.400434007982074,0.8,6,6,10,100,20,0.2,0.51664822765273
156,"deviation_10",0.0779173187337597,0.1,6,1,20,400,360,3.6,0.109247368654026
156,"deviation_30",0.263485559669443,0.3,6,1,20,400,280,2.8,0.27121787307946
156,"deviation_50",0.591090222476769,0.5,6,1,20,400,200,2,0.498805663132222
156,"deviation_80",1.56271158288385,0.8,6,1,20,400,80,0.8,1.51766483551796
157,"deviation_10",0.0667005678912185,0.1,6,1.5,20,400,360,3.6,0.0676529272142444
157,"deviation_30",0.155835474697168,0.3,6,1.5,20,400,280,2.8,0.149477712332035
157,"deviation_50",0.251834289617688,0.5,6,1.5,20,400,200,2,0.245822891931105
157,"deviation_80",0.68864679600623,0.8,6,1.5,20,400,80,0.8,0.728707353285483
158,"deviation_10",0.0409005027798658,0.1,6,3,20,400,360,3.6,0.0396488694272405
158,"deviation_30",0.0938379762005477,0.3,6,3,20,400,280,2.8,0.0796206261251319
158,"deviation_50",0.088940607483088,0.5,6,3,20,400,200,2,0.132872258289682
158,"deviation_80",0.275601409224229,0.8,6,3,20,400,80,0.8,0.291236357191867
159,"deviation_10",0.0310151341665574,0.1,6,4,20,400,360,3.6,0.0328033213037104
159,"deviation_30",0.0696097072243694,0.3,6,4,20,400,280,2.8,0.0647394709169918
159,"deviation_50",0.126534382071626,0.5,6,4,20,400,200,2,0.10360104923477
159,"deviation_80",0.317607589542477,0.8,6,4,20,400,80,0.8,0.232736038838764
160,"deviation_10",0.0281088854066624,0.1,6,6,20,400,360,3.6,0.027295093031633
160,"deviation_30",0.0711336344585488,0.3,6,6,20,400,280,2.8,0.054607618591806
160,"deviation_50",0.0917677410861889,0.5,6,6,20,400,200,2,0.0835592116727197
160,"deviation_80",0.174750919553734,0.8,6,6,20,400,80,0.8,0.184425120965873
161,"deviation_10",0.0771010567472543,0.1,6,1,30,900,810,8.1,0.0672337562567494
161,"deviation_30",0.154517643297714,0.3,6,1,30,900,630,6.3,0.138937137618178
161,"deviation_50",0.248268925560301,0.5,6,1,30,900,450,4.5,0.23355079933954
161,"deviation_80",0.637276512791186,0.8,6,1,30,900,180,1.8,0.643910126338558
162,"deviation_10",0.0459239684972623,0.1,6,1.5,30,900,810,8.1,0.0432562344799419
162,"deviation_30",0.0850926866764173,0.3,6,1.5,30,900,630,6.3,0.0960659992111504
162,"deviation_50",0.151092733184475,0.5,6,1.5,30,900,450,4.5,0.147768637576083
162,"deviation_80",0.290837402769022,0.8,6,1.5,30,900,180,1.8,0.349692429707488
163,"deviation_10",0.0294951024554153,0.1,6,3,30,900,810,8.1,0.0274165530164892
163,"deviation_30",0.0521341414512225,0.3,6,3,30,900,630,6.3,0.0548683806122472
163,"deviation_50",0.0912395924039499,0.5,6,3,30,900,450,4.5,0.0862725010523943
163,"deviation_80",0.151037249547728,0.8,6,3,30,900,180,1.8,0.170656777598871
164,"deviation_10",0.0215289408459953,0.1,6,4,30,900,810,8.1,0.0235567521328071
164,"deviation_30",0.0477689640545922,0.3,6,4,30,900,630,6.3,0.0434416636124562
164,"deviation_50",0.0572086797383963,0.5,6,4,30,900,450,4.5,0.0663860607248535
164,"deviation_80",0.151947717103551,0.8,6,4,30,900,180,1.8,0.134602001946721
165,"deviation_10",0.0187459902960833,0.1,6,6,30,900,810,8.1,0.0190067519228502
165,"deviation_30",0.0332959485241057,0.3,6,6,30,900,630,6.3,0.0391150710425973
165,"deviation_50",0.0484344229555567,0.5,6,6,30,900,450,4.5,0.061583366373797
165,"deviation_80",0.110162098223046,0.8,6,6,30,900,180,1.8,0.119952475720633
166,"deviation_10",0.399352417666463,0.1,6,1,10,100,90,0.9,0.412541968336326
166,"deviation_30",0.943837171535592,0.3,6,1,10,100,70,0.7,0.96531522298236
166,"deviation_50",1.40187814771194,0.5,6,1,10,100,50,0.5,1.64482715047682
166,"deviation_80",3.77583220452418,0.8,6,1,10,100,20,0.2,3.25486088850788
167,"deviation_10",0.150003397767122,0.1,6,1.5,10,100,90,0.9,0.212747779207969
167,"deviation_30",0.331073308690901,0.3,6,1.5,10,100,70,0.7,0.537122187050506
167,"deviation_50",1.11951943985702,0.5,6,1.5,10,100,50,0.5,0.998932523019561
167,"deviation_80",2.87870219356711,0.8,6,1.5,10,100,20,0.2,2.43805133869458
168,"deviation_10",0.0441626943661021,0.1,6,3,10,100,90,0.9,0.0771454448904091
168,"deviation_30",0.263209477587873,0.3,6,3,10,100,70,0.7,0.202636452790062
168,"deviation_50",0.236985723983405,0.5,6,3,10,100,50,0.5,0.309749764314976
168,"deviation_80",0.390257003509193,0.8,6,3,10,100,20,0.2,0.930643936463413
169,"deviation_10",0.0832226972008742,0.1,6,4,10,100,90,0.9,0.0653060275588064
169,"deviation_30",0.184318740495508,0.3,6,4,10,100,70,0.7,0.152061680522147
169,"deviation_50",0.104966385463999,0.5,6,4,10,100,50,0.5,0.265254125356907
169,"deviation_80",1.23146092112811,0.8,6,4,10,100,20,0.2,0.677834234249258
170,"deviation_10",0.0275438204461646,0.1,6,6,10,100,90,0.9,0.0388354707590732
170,"deviation_30",0.119034411276031,0.3,6,6,10,100,70,0.7,0.108673726546393
170,"deviation_50",0.165620839773265,0.5,6,6,10,100,50,0.5,0.183846321256338
170,"deviation_80",0.491916266939251,0.8,6,6,10,100,20,0.2,0.51664822765273
171,"deviation_10",0.157488112631849,0.1,6,1,20,400,360,3.6,0.109247368654026
171,"deviation_30",0.28749860834135,0.3,6,1,20,400,280,2.8,0.27121787307946
171,"deviation_50",0.583550480556646,0.5,6,1,20,400,200,2,0.498805663132222
171,"deviation_80",1.37039956286011,0.8,6,1,20,400,80,0.8,1.51766483551796
172,"deviation_10",0.0783952804059332,0.1,6,1.5,20,400,360,3.6,0.0676529272142444
172,"deviation_30",0.160009326777268,0.3,6,1.5,20,400,280,2.8,0.149477712332035
172,"deviation_50",0.313319037632793,0.5,6,1.5,20,400,200,2,0.245822891931105
172,"deviation_80",0.765754671047427,0.8,6,1.5,20,400,80,0.8,0.728707353285483
173,"deviation_10",0.0351176260808894,0.1,6,3,20,400,360,3.6,0.0396488694272405
173,"deviation_30",0.0681578526881101,0.3,6,3,20,400,280,2.8,0.0796206261251319
173,"deviation_50",0.128246858722644,0.5,6,3,20,400,200,2,0.132872258289682
173,"deviation_80",0.221957824027257,0.8,6,3,20,400,80,0.8,0.291236357191867
174,"deviation_10",0.0313331059366102,0.1,6,4,20,400,360,3.6,0.0328033213037104
174,"deviation_30",0.0701806875754742,0.3,6,4,20,400,280,2.8,0.0647394709169918
174,"deviation_50",0.0842753008080361,0.5,6,4,20,400,200,2,0.10360104923477
174,"deviation_80",0.228954513387917,0.8,6,4,20,400,80,0.8,0.232736038838764
175,"deviation_10",0.0364564316607991,0.1,6,6,20,400,360,3.6,0.027295093031633
175,"deviation_30",0.0411833967865028,0.3,6,6,20,400,280,2.8,0.054607618591806
175,"deviation_50",0.0669057395607068,0.5,6,6,20,400,200,2,0.0835592116727197
175,"deviation_80",0.178949154388933,0.8,6,6,20,400,80,0.8,0.184425120965873
176,"deviation_10",0.0601107577735864,0.1,6,1,30,900,810,8.1,0.0672337562567494
176,"deviation_30",0.170213601923887,0.3,6,1,30,900,630,6.3,0.138937137618178
176,"deviation_50",0.252894309368442,0.5,6,1,30,900,450,4.5,0.23355079933954
176,"deviation_80",0.671231353138665,0.8,6,1,30,900,180,1.8,0.643910126338558
177,"deviation_10",0.0364266668574998,0.1,6,1.5,30,900,810,8.1,0.0432562344799419
177,"deviation_30",0.10974014944587,0.3,6,1.5,30,900,630,6.3,0.0960659992111504
177,"deviation_50",0.134028433181315,0.5,6,1.5,30,900,450,4.5,0.147768637576083
177,"deviation_80",0.25432277361847,0.8,6,1.5,30,900,180,1.8,0.349692429707488
178,"deviation_10",0.0290935170728666,0.1,6,3,30,900,810,8.1,0.0274165530164892
178,"deviation_30",0.0605436054133893,0.3,6,3,30,900,630,6.3,0.0548683806122472
178,"deviation_50",0.0856910008659238,0.5,6,3,30,900,450,4.5,0.0862725010523943
178,"deviation_80",0.139320716810386,0.8,6,3,30,900,180,1.8,0.170656777598871
179,"deviation_10",0.0220928392051059,0.1,6,4,30,900,810,8.1,0.0235567521328071
179,"deviation_30",0.0401856027325265,0.3,6,4,30,900,630,6.3,0.0434416636124562
179,"deviation_50",0.0649097493180974,0.5,6,4,30,900,450,4.5,0.0663860607248535
179,"deviation_80",0.122092697936182,0.8,6,4,30,900,180,1.8,0.134602001946721
180,"deviation_10",0.0197128103191953,0.1,6,6,30,900,810,8.1,0.0190067519228502
180,"deviation_30",0.0457057757744132,0.3,6,6,30,900,630,6.3,0.0391150710425973
180,"deviation_50",0.092866272064766,0.5,6,6,30,900,450,4.5,0.061583366373797
180,"deviation_80",0.135872676615827,0.8,6,6,30,900,180,1.8,0.119952475720633
181,"deviation_10",0.507554280852797,0.1,6,1,10,100,90,0.9,0.412541968336326
181,"deviation_30",0.825539615950303,0.3,6,1,10,100,70,0.7,0.96531522298236
181,"deviation_50",1.49482285854033,0.5,6,1,10,100,50,0.5,1.64482715047682
181,"deviation_80",3.39923307658857,0.8,6,1,10,100,20,0.2,3.25486088850788
182,"deviation_10",0.272142065920004,0.1,6,1.5,10,100,90,0.9,0.212747779207969
182,"deviation_30",0.54520502808141,0.3,6,1.5,10,100,70,0.7,0.537122187050506
182,"deviation_50",0.751227228078457,0.5,6,1.5,10,100,50,0.5,0.998932523019561
182,"deviation_80",2.1853018884835,0.8,6,1.5,10,100,20,0.2,2.43805133869458
183,"deviation_10",0.0657405797893417,0.1,6,3,10,100,90,0.9,0.0771454448904091
183,"deviation_30",0.17714830284214,0.3,6,3,10,100,70,0.7,0.202636452790062
183,"deviation_50",0.244745164697419,0.5,6,3,10,100,50,0.5,0.309749764314976
183,"deviation_80",1.03336145093981,0.8,6,3,10,100,20,0.2,0.930643936463413
184,"deviation_10",0.0560765957428335,0.1,6,4,10,100,90,0.9,0.0653060275588064
184,"deviation_30",0.135123210499828,0.3,6,4,10,100,70,0.7,0.152061680522147
184,"deviation_50",0.215478723751935,0.5,6,4,10,100,50,0.5,0.265254125356907
184,"deviation_80",0.519971657665193,0.8,6,4,10,100,20,0.2,0.677834234249258
185,"deviation_10",0.0402751862204657,0.1,6,6,10,100,90,0.9,0.0388354707590732
185,"deviation_30",0.0744656790566583,0.3,6,6,10,100,70,0.7,0.108673726546393
185,"deviation_50",0.174567092734088,0.5,6,6,10,100,50,0.5,0.183846321256338
185,"deviation_80",0.257544239825077,0.8,6,6,10,100,20,0.2,0.51664822765273
186,"deviation_10",0.085269954308957,0.1,6,1,20,400,360,3.6,0.109247368654026
186,"deviation_30",0.222706238008977,0.3,6,1,20,400,280,2.8,0.27121787307946
186,"deviation_50",0.429156385194388,0.5,6,1,20,400,200,2,0.498805663132222
186,"deviation_80",1.28763402643674,0.8,6,1,20,400,80,0.8,1.51766483551796
187,"deviation_10",0.0913148202154945,0.1,6,1.5,20,400,360,3.6,0.0676529272142444
187,"deviation_30",0.156361145535492,0.3,6,1.5,20,400,280,2.8,0.149477712332035
187,"deviation_50",0.186977820240518,0.5,6,1.5,20,400,200,2,0.245822891931105
187,"deviation_80",0.615182059571831,0.8,6,1.5,20,400,80,0.8,0.728707353285483
188,"deviation_10",0.0459301489042053,0.1,6,3,20,400,360,3.6,0.0396488694272405
188,"deviation_30",0.0955385430279932,0.3,6,3,20,400,280,2.8,0.0796206261251319
188,"deviation_50",0.147730466395763,0.5,6,3,20,400,200,2,0.132872258289682
188,"deviation_80",0.334412695545308,0.8,6,3,20,400,80,0.8,0.291236357191867
189,"deviation_10",0.0236311764095238,0.1,6,4,20,400,360,3.6,0.0328033213037104
189,"deviation_30",0.045642187088143,0.3,6,4,20,400,280,2.8,0.0647394709169918
189,"deviation_50",0.129249056413927,0.5,6,4,20,400,200,2,0.10360104923477
189,"deviation_80",0.302472688979953,0.8,6,4,20,400,80,0.8,0.232736038838764
190,"deviation_10",0.0215428485789221,0.1,6,6,20,400,360,3.6,0.027295093031633
190,"deviation_30",0.0458201241281708,0.3,6,6,20,400,280,2.8,0.054607618591806
190,"deviation_50",0.071310499476963,0.5,6,6,20,400,200,2,0.0835592116727197
190,"deviation_80",0.191685988700919,0.8,6,6,20,400,80,0.8,0.184425120965873
191,"deviation_10",0.0509237815247266,0.1,6,1,30,900,810,8.1,0.0672337562567494
191,"deviation_30",0.122829876969782,0.3,6,1,30,900,630,6.3,0.138937137618178
191,"deviation_50",0.243179977680352,0.5,6,1,30,900,450,4.5,0.23355079933954
191,"deviation_80",0.602799580800531,0.8,6,1,30,900,180,1.8,0.643910126338558
192,"deviation_10",0.0455886748382127,0.1,6,1.5,30,900,810,8.1,0.0432562344799419
192,"deviation_30",0.0979722679437401,0.3,6,1.5,30,900,630,6.3,0.0960659992111504
192,"deviation_50",0.149182930983413,0.5,6,1.5,30,900,450,4.5,0.147768637576083
192,"deviation_80",0.399987174142988,0.8,6,1.5,30,900,180,1.8,0.349692429707488
193,"deviation_10",0.0291244342656466,0.1,6,3,30,900,810,8.1,0.0274165530164892
193,"deviation_30",0.0498383696904983,0.3,6,3,30,900,630,6.3,0.0548683806122472
193,"deviation_50",0.082783254772829,0.5,6,3,30,900,450,4.5,0.0862725010523943
193,"deviation_80",0.149840149304904,0.8,6,3,30,900,180,1.8,0.170656777598871
194,"deviation_10",0.0303505936890822,0.1,6,4,30,900,810,8.1,0.0235567521328071
194,"deviation_30",0.0315959849383178,0.3,6,4,30,900,630,6.3,0.0434416636124562
194,"deviation_50",0.074775454363781,0.5,6,4,30,900,450,4.5,0.0663860607248535
194,"deviation_80",0.161092014937869,0.8,6,4,30,900,180,1.8,0.134602001946721
195,"deviation_10",0.0208663159777829,0.1,6,6,30,900,810,8.1,0.0190067519228502
195,"deviation_30",0.0349294026871497,0.3,6,6,30,900,630,6.3,0.0391150710425973
195,"deviation_50",0.071953992702035,0.5,6,6,30,900,450,4.5,0.061583366373797
195,"deviation_80",0.110740721790454,0.8,6,6,30,900,180,1.8,0.119952475720633
196,"deviation_10",0.615342894507357,0.1,6,1,10,100,90,0.9,0.412541968336326
196,"deviation_30",1.20869840513963,0.3,6,1,10,100,70,0.7,0.96531522298236
196,"deviation_50",1.77979027069016,0.5,6,1,10,100,50,0.5,1.64482715047682
196,"deviation_80",3.52244931588222,0.8,6,1,10,100,20,0.2,3.25486088850788
197,"deviation_10",0.171602564493248,0.1,6,1.5,10,100,90,0.9,0.212747779207969
197,"deviation_30",0.56104055022844,0.3,6,1.5,10,100,70,0.7,0.537122187050506
197,"deviation_50",1.15792566378678,0.5,6,1.5,10,100,50,0.5,0.998932523019561
197,"deviation_80",2.3370053499166,0.8,6,1.5,10,100,20,0.2,2.43805133869458
198,"deviation_10",0.0492343287761253,0.1,6,3,10,100,90,0.9,0.0771454448904091
198,"deviation_30",0.208249855455191,0.3,6,3,10,100,70,0.7,0.202636452790062
198,"deviation_50",0.227170314655178,0.5,6,3,10,100,50,0.5,0.309749764314976
198,"deviation_80",0.790230636906694,0.8,6,3,10,100,20,0.2,0.930643936463413
199,"deviation_10",0.0466365237609584,0.1,6,4,10,100,90,0.9,0.0653060275588064
199,"deviation_30",0.0962073121752902,0.3,6,4,10,100,70,0.7,0.152061680522147
199,"deviation_50",0.16983461051933,0.5,6,4,10,100,50,0.5,0.265254125356907
199,"deviation_80",0.859408415000555,0.8,6,4,10,100,20,0.2,0.677834234249258
200,"deviation_10",0.0168906449195645,0.1,6,6,10,100,90,0.9,0.0388354707590732
200,"deviation_30",0.0659836351758165,0.3,6,6,10,100,70,0.7,0.108673726546393
200,"deviation_50",0.121667288853427,0.5,6,6,10,100,50,0.5,0.183846321256338
200,"deviation_80",0.598537543388102,0.8,6,6,10,100,20,0.2,0.51664822765273
201,"deviation_10",0.138067857903985,0.1,6,1,20,400,360,3.6,0.109247368654026
201,"deviation_30",0.295058836657515,0.3,6,1,20,400,280,2.8,0.27121787307946
201,"deviation_50",0.421169937363446,0.5,6,1,20,400,200,2,0.498805663132222
201,"deviation_80",1.16418469606545,0.8,6,1,20,400,80,0.8,1.51766483551796
202,"deviation_10",0.0774886758805402,0.1,6,1.5,20,400,360,3.6,0.0676529272142444
202,"deviation_30",0.166225922117937,0.3,6,1.5,20,400,280,2.8,0.149477712332035
202,"deviation_50",0.265292158431453,0.5,6,1.5,20,400,200,2,0.245822891931105
202,"deviation_80",0.834009353049111,0.8,6,1.5,20,400,80,0.8,0.728707353285483
203,"deviation_10",0.0336807665780123,0.1,6,3,20,400,360,3.6,0.0396488694272405
203,"deviation_30",0.0476352209987327,0.3,6,3,20,400,280,2.8,0.0796206261251319
203,"deviation_50",0.138357657093817,0.5,6,3,20,400,200,2,0.132872258289682
203,"deviation_80",0.313658722529138,0.8,6,3,20,400,80,0.8,0.291236357191867
204,"deviation_10",0.0394491091252331,0.1,6,4,20,400,360,3.6,0.0328033213037104
204,"deviation_30",0.093879911613501,0.3,6,4,20,400,280,2.8,0.0647394709169918
204,"deviation_50",0.103482303050978,0.5,6,4,20,400,200,2,0.10360104923477
204,"deviation_80",0.296731212562362,0.8,6,4,20,400,80,0.8,0.232736038838764
205,"deviation_10",0.0233331073871699,0.1,6,6,20,400,360,3.6,0.027295093031633
205,"deviation_30",0.0467696279546294,0.3,6,6,20,400,280,2.8,0.054607618591806
205,"deviation_50",0.0858348784425746,0.5,6,6,20,400,200,2,0.0835592116727197
205,"deviation_80",0.153401727399245,0.8,6,6,20,400,80,0.8,0.184425120965873
206,"deviation_10",0.0625613241463085,0.1,6,1,30,900,810,8.1,0.0672337562567494
206,"deviation_30",0.128634255619875,0.3,6,1,30,900,630,6.3,0.138937137618178
206,"deviation_50",0.212765629090728,0.5,6,1,30,900,450,4.5,0.23355079933954
206,"deviation_80",0.531064309971567,0.8,6,1,30,900,180,1.8,0.643910126338558
207,"deviation_10",0.0463711917019785,0.1,6,1.5,30,900,810,8.1,0.0432562344799419
207,"deviation_30",0.107330543859482,0.3,6,1.5,30,900,630,6.3,0.0960659992111504
207,"deviation_50",0.136828022045199,0.5,6,1.5,30,900,450,4.5,0.147768637576083
207,"deviation_80",0.392492760039033,0.8,6,1.5,30,900,180,1.8,0.349692429707488
208,"deviation_10",0.026726598220798,0.1,6,3,30,900,810,8.1,0.0274165530164892
208,"deviation_30",0.0424742302169339,0.3,6,3,30,900,630,6.3,0.0548683806122472
208,"deviation_50",0.080062805128693,0.5,6,3,30,900,450,4.5,0.0862725010523943
208,"deviation_80",0.202792853987739,0.8,6,3,30,900,180,1.8,0.170656777598871
209,"deviation_10",0.0281510982058935,0.1,6,4,30,900,810,8.1,0.0235567521328071
209,"deviation_30",0.0492866242403434,0.3,6,4,30,900,630,6.3,0.0434416636124562
209,"deviation_50",0.0671091460383282,0.5,6,4,30,900,450,4.5,0.0663860607248535
209,"deviation_80",0.141750897081723,0.8,6,4,30,900,180,1.8,0.134602001946721
210,"deviation_10",0.0184804917777588,0.1,6,6,30,900,810,8.1,0.0190067519228502
210,"deviation_30",0.0426996455382987,0.3,6,6,30,900,630,6.3,0.0391150710425973
210,"deviation_50",0.0564911985066259,0.5,6,6,30,900,450,4.5,0.061583366373797
210,"deviation_80",0.167366584198863,0.8,6,6,30,900,180,1.8,0.119952475720633
211,"deviation_10",0.321073552689475,0.1,6,1,10,100,90,0.9,0.412541968336326
211,"deviation_30",1.14183274773307,0.3,6,1,10,100,70,0.7,0.96531522298236
211,"deviation_50",1.33753991611786,0.5,6,1,10,100,50,0.5,1.64482715047682
211,"deviation_80",2.4901656540813,0.8,6,1,10,100,20,0.2,3.25486088850788
212,"deviation_10",0.241190791908557,0.1,6,1.5,10,100,90,0.9,0.212747779207969
212,"deviation_30",0.519192296067201,0.3,6,1.5,10,100,70,0.7,0.537122187050506
212,"deviation_50",0.812179295051763,0.5,6,1.5,10,100,50,0.5,0.998932523019561
212,"deviation_80",1.84694054468993,0.8,6,1.5,10,100,20,0.2,2.43805133869458
213,"deviation_10",0.0789696369665425,0.1,6,3,10,100,90,0.9,0.0771454448904091
213,"deviation_30",0.153063313614312,0.3,6,3,10,100,70,0.7,0.202636452790062
213,"deviation_50",0.409947506793102,0.5,6,3,10,100,50,0.5,0.309749764314976
213,"deviation_80",1.25187760631541,0.8,6,3,10,100,20,0.2,0.930643936463413
214,"deviation_10",0.038570569616625,0.1,6,4,10,100,90,0.9,0.0653060275588064
214,"deviation_30",0.122860458978471,0.3,6,4,10,100,70,0.7,0.152061680522147
214,"deviation_50",0.37342627737712,0.5,6,4,10,100,50,0.5,0.265254125356907
214,"deviation_80",0.542545612239586,0.8,6,4,10,100,20,0.2,0.677834234249258
215,"deviation_10",0.034117794476821,0.1,6,6,10,100,90,0.9,0.0388354707590732
215,"deviation_30",0.105533916388812,0.3,6,6,10,100,70,0.7,0.108673726546393
215,"deviation_50",0.165896126127349,0.5,6,6,10,100,50,0.5,0.183846321256338
215,"deviation_80",0.553601206853137,0.8,6,6,10,100,20,0.2,0.51664822765273
216,"deviation_10",0.0696889138324567,0.1,6,1,20,400,360,3.6,0.109247368654026
216,"deviation_30",0.255688929092365,0.3,6,1,20,400,280,2.8,0.27121787307946
216,"deviation_50",0.567405329311057,0.5,6,1,20,400,200,2,0.498805663132222
216,"deviation_80",1.68341618401728,0.8,6,1,20,400,80,0.8,1.51766483551796
217,"deviation_10",0.0577414882281535,0.1,6,1.5,20,400,360,3.6,0.0676529272142444
217,"deviation_30",0.173384852068829,0.3,6,1.5,20,400,280,2.8,0.149477712332035
217,"deviation_50",0.246860677616542,0.5,6,1.5,20,400,200,2,0.245822891931105
217,"deviation_80",0.699907585008413,0.8,6,1.5,20,400,80,0.8,0.728707353285483
218,"deviation_10",0.050020254245811,0.1,6,3,20,400,360,3.6,0.0396488694272405
218,"deviation_30",0.10382462230446,0.3,6,3,20,400,280,2.8,0.0796206261251319
218,"deviation_50",0.141609125392115,0.5,6,3,20,400,200,2,0.132872258289682
218,"deviation_80",0.24256402097373,0.8,6,3,20,400,80,0.8,0.291236357191867
219,"deviation_10",0.0263004058351437,0.1,6,4,20,400,360,3.6,0.0328033213037104
219,"deviation_30",0.0416515849973377,0.3,6,4,20,400,280,2.8,0.0647394709169918
219,"deviation_50",0.108926010165947,0.5,6,4,20,400,200,2,0.10360104923477
219,"deviation_80",0.195237459333525,0.8,6,4,20,400,80,0.8,0.232736038838764
220,"deviation_10",0.026343870704772,0.1,6,6,20,400,360,3.6,0.027295093031633
220,"deviation_30",0.0538110727538804,0.3,6,6,20,400,280,2.8,0.054607618591806
220,"deviation_50",0.0931330883426692,0.5,6,6,20,400,200,2,0.0835592116727197
220,"deviation_80",0.165286470584785,0.8,6,6,20,400,80,0.8,0.184425120965873
221,"deviation_10",0.0588386265290064,0.1,6,1,30,900,810,8.1,0.0672337562567494
221,"deviation_30",0.13501767165468,0.3,6,1,30,900,630,6.3,0.138937137618178
221,"deviation_50",0.252111578748222,0.5,6,1,30,900,450,4.5,0.23355079933954
221,"deviation_80",0.657191166135172,0.8,6,1,30,900,180,1.8,0.643910126338558
222,"deviation_10",0.042609366354408,0.1,6,1.5,30,900,810,8.1,0.0432562344799419
222,"deviation_30",0.109440096225703,0.3,6,1.5,30,900,630,6.3,0.0960659992111504
222,"deviation_50",0.164197735657388,0.5,6,1.5,30,900,450,4.5,0.147768637576083
222,"deviation_80",0.284327899563295,0.8,6,1.5,30,900,180,1.8,0.349692429707488
223,"deviation_10",0.0275015635328607,0.1,6,3,30,900,810,8.1,0.0274165530164892
223,"deviation_30",0.0542167292145267,0.3,6,3,30,900,630,6.3,0.0548683806122472
223,"deviation_50",0.0963028489767794,0.5,6,3,30,900,450,4.5,0.0862725010523943
223,"deviation_80",0.185108723279526,0.8,6,3,30,900,180,1.8,0.170656777598871
224,"deviation_10",0.0242268054861897,0.1,6,4,30,900,810,8.1,0.0235567521328071
224,"deviation_30",0.0536909582399386,0.3,6,4,30,900,630,6.3,0.0434416636124562
224,"deviation_50",0.0845644722049903,0.5,6,4,30,900,450,4.5,0.0663860607248535
224,"deviation_80",0.149495223357642,0.8,6,4,30,900,180,1.8,0.134602001946721
225,"deviation_10",0.0214589454940375,0.1,6,6,30,900,810,8.1,0.0190067519228502
225,"deviation_30",0.0367933717289774,0.3,6,6,30,900,630,6.3,0.0391150710425973
225,"deviation_50",0.0694298182034555,0.5,6,6,30,900,450,4.5,0.061583366373797
225,"deviation_80",0.10105414032053,0.8,6,6,30,900,180,1.8,0.119952475720633
226,"deviation_10",0.432238083779661,0.1,6,1,10,100,90,0.9,0.412541968336326
226,"deviation_30",1.1802050760137,0.3,6,1,10,100,70,0.7,0.96531522298236
226,"deviation_50",1.54405092184037,0.5,6,1,10,100,50,0.5,1.64482715047682
226,"deviation_80",2.90695465247622,0.8,6,1,10,100,20,0.2,3.25486088850788
227,"deviation_10",0.32367168607755,0.1,6,1.5,10,100,90,0.9,0.212747779207969
227,"deviation_30",0.439904422635473,0.3,6,1.5,10,100,70,0.7,0.537122187050506
227,"deviation_50",1.63914544096727,0.5,6,1.5,10,100,50,0.5,0.998932523019561
227,"deviation_80",3.62163171577543,0.8,6,1.5,10,100,20,0.2,2.43805133869458
228,"deviation_10",0.150939148817888,0.1,6,3,10,100,90,0.9,0.0771454448904091
228,"deviation_30",0.277260378044533,0.3,6,3,10,100,70,0.7,0.202636452790062
228,"deviation_50",0.404728784345491,0.5,6,3,10,100,50,0.5,0.309749764314976
228,"deviation_80",1.02141239937656,0.8,6,3,10,100,20,0.2,0.930643936463413
229,"deviation_10",0.0451631690787017,0.1,6,4,10,100,90,0.9,0.0653060275588064
229,"deviation_30",0.164202043042042,0.3,6,4,10,100,70,0.7,0.152061680522147
229,"deviation_50",0.264500529646392,0.5,6,4,10,100,50,0.5,0.265254125356907
229,"deviation_80",0.620818901374149,0.8,6,4,10,100,20,0.2,0.677834234249258
230,"deviation_10",0.0210535240302143,0.1,6,6,10,100,90,0.9,0.0388354707590732
230,"deviation_30",0.142353455993963,0.3,6,6,10,100,70,0.7,0.108673726546393
230,"deviation_50",0.182206796964431,0.5,6,6,10,100,50,0.5,0.183846321256338
230,"deviation_80",0.729576127497741,0.8,6,6,10,100,20,0.2,0.51664822765273
231,"deviation_10",0.125371300197757,0.1,6,1,20,400,360,3.6,0.109247368654026
231,"deviation_30",0.326760374144316,0.3,6,1,20,400,280,2.8,0.27121787307946
231,"deviation_50",0.534745100965228,0.5,6,1,20,400,200,2,0.498805663132222
231,"deviation_80",1.60391247679398,0.8,6,1,20,400,80,0.8,1.51766483551796
232,"deviation_10",0.0600408440352517,0.1,6,1.5,20,400,360,3.6,0.0676529272142444
232,"deviation_30",0.102351468689194,0.3,6,1.5,20,400,280,2.8,0.149477712332035
232,"deviation_50",0.256075055998398,0.5,6,1.5,20,400,200,2,0.245822891931105
232,"deviation_80",0.837834577721698,0.8,6,1.5,20,400,80,0.8,0.728707353285483
233,"deviation_10",0.0346262069091515,0.1,6,3,20,400,360,3.6,0.0396488694272405
233,"deviation_30",0.0681123337792804,0.3,6,3,20,400,280,2.8,0.0796206261251319
233,"deviation_50",0.120366328023041,0.5,6,3,20,400,200,2,0.132872258289682
233,"deviation_80",0.278006295899672,0.8,6,3,20,400,80,0.8,0.291236357191867
234,"deviation_10",0.029680484722602,0.1,6,4,20,400,360,3.6,0.0328033213037104
234,"deviation_30",0.050290602880995,0.3,6,4,20,400,280,2.8,0.0647394709169918
234,"deviation_50",0.107001170503034,0.5,6,4,20,400,200,2,0.10360104923477
234,"deviation_80",0.234981806599264,0.8,6,4,20,400,80,0.8,0.232736038838764
235,"deviation_10",0.031054207202857,0.1,6,6,20,400,360,3.6,0.027295093031633
235,"deviation_30",0.0746893385546721,0.3,6,6,20,400,280,2.8,0.054607618591806
235,"deviation_50",0.091687086391599,0.5,6,6,20,400,200,2,0.0835592116727197
235,"deviation_80",0.1956208297404,0.8,6,6,20,400,80,0.8,0.184425120965873
236,"deviation_10",0.0524984121983375,0.1,6,1,30,900,810,8.1,0.0672337562567494
236,"deviation_30",0.149101239659236,0.3,6,1,30,900,630,6.3,0.138937137618178
236,"deviation_50",0.205804548282933,0.5,6,1,30,900,450,4.5,0.23355079933954
236,"deviation_80",0.543507205885569,0.8,6,1,30,900,180,1.8,0.643910126338558
237,"deviation_10",0.0458657175886697,0.1,6,1.5,30,900,810,8.1,0.0432562344799419
237,"deviation_30",0.0881028788636402,0.3,6,1.5,30,900,630,6.3,0.0960659992111504
237,"deviation_50",0.145388468022346,0.5,6,1.5,30,900,450,4.5,0.147768637576083
237,"deviation_80",0.307367213279101,0.8,6,1.5,30,900,180,1.8,0.349692429707488
238,"deviation_10",0.0261923598804383,0.1,6,3,30,900,810,8.1,0.0274165530164892
238,"deviation_30",0.0648253239449901,0.3,6,3,30,900,630,6.3,0.0548683806122472
238,"deviation_50",0.0772166795302666,0.5,6,3,30,900,450,4.5,0.0862725010523943
238,"deviation_80",0.190265562456283,0.8,6,3,30,900,180,1.8,0.170656777598871
239,"deviation_10",0.0193962008250164,0.1,6,4,30,900,810,8.1,0.0235567521328071
239,"deviation_30",0.0505204671862624,0.3,6,4,30,900,630,6.3,0.0434416636124562
239,"deviation_50",0.0591799681080689,0.5,6,4,30,900,450,4.5,0.0663860607248535
239,"deviation_80",0.12753205270483,0.8,6,4,30,900,180,1.8,0.134602001946721
240,"deviation_10",0.0158520802039828,0.1,6,6,30,900,810,8.1,0.0190067519228502
240,"deviation_30",0.0319203137605035,0.3,6,6,30,900,630,6.3,0.0391150710425973
240,"deviation_50",0.0639670013971318,0.5,6,6,30,900,450,4.5,0.061583366373797
240,"deviation_80",0.0892797351955141,0.8,6,6,30,900,180,1.8,0.119952475720633
241,"deviation_10",0.408563625089377,0.1,6,1,10,100,90,0.9,0.412541968336326
241,"deviation_30",0.804636517285306,0.3,6,1,10,100,70,0.7,0.96531522298236
241,"deviation_50",1.90269127215573,0.5,6,1,10,100,50,0.5,1.64482715047682
241,"deviation_80",2.84158778875214,0.8,6,1,10,100,20,0.2,3.25486088850788
242,"deviation_10",0.18960614629626,0.1,6,1.5,10,100,90,0.9,0.212747779207969
242,"deviation_30",0.492281673090321,0.3,6,1.5,10,100,70,0.7,0.537122187050506
242,"deviation_50",1.3170642250445,0.5,6,1.5,10,100,50,0.5,0.998932523019561
242,"deviation_80",2.27669142384207,0.8,6,1.5,10,100,20,0.2,2.43805133869458
243,"deviation_10",0.0593709876145035,0.1,6,3,10,100,90,0.9,0.0771454448904091
243,"deviation_30",0.138806177788602,0.3,6,3,10,100,70,0.7,0.202636452790062
243,"deviation_50",0.27316865380757,0.5,6,3,10,100,50,0.5,0.309749764314976
243,"deviation_80",0.676991135633134,0.8,6,3,10,100,20,0.2,0.930643936463413
244,"deviation_10",0.0481106991568102,0.1,6,4,10,100,90,0.9,0.0653060275588064
244,"deviation_30",0.147538723989293,0.3,6,4,10,100,70,0.7,0.152061680522147
244,"deviation_50",0.254714518519154,0.5,6,4,10,100,50,0.5,0.265254125356907
244,"deviation_80",0.462160294579975,0.8,6,4,10,100,20,0.2,0.677834234249258
245,"deviation_10",0.0546505543826867,0.1,6,6,10,100,90,0.9,0.0388354707590732
245,"deviation_30",0.089538518457719,0.3,6,6,10,100,70,0.7,0.108673726546393
245,"deviation_50",0.1498630118756,0.5,6,6,10,100,50,0.5,0.183846321256338
245,"deviation_80",0.320065445938615,0.8,6,6,10,100,20,0.2,0.51664822765273
246,"deviation_10",0.117210685060776,0.1,6,1,20,400,360,3.6,0.109247368654026
246,"deviation_30",0.291309451255791,0.3,6,1,20,400,280,2.8,0.27121787307946
246,"deviation_50",0.404690154887263,0.5,6,1,20,400,200,2,0.498805663132222
246,"deviation_80",1.63145878399825,0.8,6,1,20,400,80,0.8,1.51766483551796
247,"deviation_10",0.0695628031600372,0.1,6,1.5,20,400,360,3.6,0.0676529272142444
247,"deviation_30",0.123285974678557,0.3,6,1.5,20,400,280,2.8,0.149477712332035
247,"deviation_50",0.197955486497427,0.5,6,1.5,20,400,200,2,0.245822891931105
247,"deviation_80",0.602184604883708,0.8,6,1.5,20,400,80,0.8,0.728707353285483
248,"deviation_10",0.0416101761616863,0.1,6,3,20,400,360,3.6,0.0396488694272405
248,"deviation_30",0.0831913294375136,0.3,6,3,20,400,280,2.8,0.0796206261251319
248,"deviation_50",0.145223933346498,0.5,6,3,20,400,200,2,0.132872258289682
248,"deviation_80",0.272256811095495,0.8,6,3,20,400,80,0.8,0.291236357191867
249,"deviation_10",0.0233709168491343,0.1,6,4,20,400,360,3.6,0.0328033213037104
249,"deviation_30",0.0522348823572333,0.3,6,4,20,400,280,2.8,0.0647394709169918
249,"deviation_50",0.0814859636319343,0.5,6,4,20,400,200,2,0.10360104923477
249,"deviation_80",0.168948145730651,0.8,6,4,20,400,80,0.8,0.232736038838764
250,"deviation_10",0.0314387534905984,0.1,6,6,20,400,360,3.6,0.027295093031633
250,"deviation_30",0.0555354457451603,0.3,6,6,20,400,280,2.8,0.054607618591806
250,"deviation_50",0.0907711440094403,0.5,6,6,20,400,200,2,0.0835592116727197
250,"deviation_80",0.208429883059951,0.8,6,6,20,400,80,0.8,0.184425120965873
251,"deviation_10",0.105528025748656,0.1,6,1,30,900,810,8.1,0.0672337562567494
251,"deviation_30",0.118730449891066,0.3,6,1,30,900,630,6.3,0.138937137618178
251,"deviation_50",0.263030357773007,0.5,6,1,30,900,450,4.5,0.23355079933954
251,"deviation_80",0.665561103418887,0.8,6,1,30,900,180,1.8,0.643910126338558
252,"deviation_10",0.052431376858597,0.1,6,1.5,30,900,810,8.1,0.0432562344799419
252,"deviation_30",0.0996573562570075,0.3,6,1.5,30,900,630,6.3,0.0960659992111504
252,"deviation_50",0.156975830888281,0.5,6,1.5,30,900,450,4.5,0.147768637576083
252,"deviation_80",0.404300701332316,0.8,6,1.5,30,900,180,1.8,0.349692429707488
253,"deviation_10",0.027062696197217,0.1,6,3,30,900,810,8.1,0.0274165530164892
253,"deviation_30",0.0515778110809634,0.3,6,3,30,900,630,6.3,0.0548683806122472
253,"deviation_50",0.0940957288477202,0.5,6,3,30,900,450,4.5,0.0862725010523943
253,"deviation_80",0.181964269792925,0.8,6,3,30,900,180,1.8,0.170656777598871
254,"deviation_10",0.022190497147331,0.1,6,4,30,900,810,8.1,0.0235567521328071
254,"deviation_30",0.0346839013350121,0.3,6,4,30,900,630,6.3,0.0434416636124562
254,"deviation_50",0.0617968266038767,0.5,6,4,30,900,450,4.5,0.0663860607248535
254,"deviation_80",0.110562124968858,0.8,6,4,30,900,180,1.8,0.134602001946721
255,"deviation_10",0.0152285000045225,0.1,6,6,30,900,810,8.1,0.0190067519228502
255,"deviation_30",0.0369268658974254,0.3,6,6,30,900,630,6.3,0.0391150710425973
255,"deviation_50",0.0578066355912128,0.5,6,6,30,900,450,4.5,0.061583366373797
255,"deviation_80",0.115315864243605,0.8,6,6,30,900,180,1.8,0.119952475720633
256,"deviation_10",0.385021116064438,0.1,6,1,10,100,90,0.9,0.412541968336326
256,"deviation_30",1.13258579431845,0.3,6,1,10,100,70,0.7,0.96531522298236
256,"deviation_50",1.63044005642513,0.5,6,1,10,100,50,0.5,1.64482715047682
256,"deviation_80",3.18585298133679,0.8,6,1,10,100,20,0.2,3.25486088850788
257,"deviation_10",0.180182433325817,0.1,6,1.5,10,100,90,0.9,0.212747779207969
257,"deviation_30",0.737020118257277,0.3,6,1.5,10,100,70,0.7,0.537122187050506
257,"deviation_50",1.20817547058575,0.5,6,1.5,10,100,50,0.5,0.998932523019561
257,"deviation_80",2.15525384191744,0.8,6,1.5,10,100,20,0.2,2.43805133869458
258,"deviation_10",0.0972235073088901,0.1,6,3,10,100,90,0.9,0.0771454448904091
258,"deviation_30",0.156100563497134,0.3,6,3,10,100,70,0.7,0.202636452790062
258,"deviation_50",0.29659161618828,0.5,6,3,10,100,50,0.5,0.309749764314976
258,"deviation_80",0.686137221477417,0.8,6,3,10,100,20,0.2,0.930643936463413
259,"deviation_10",0.219180100764277,0.1,6,4,10,100,90,0.9,0.0653060275588064
259,"deviation_30",0.122740156866011,0.3,6,4,10,100,70,0.7,0.152061680522147
259,"deviation_50",0.334285625384736,0.5,6,4,10,100,50,0.5,0.265254125356907
259,"deviation_80",0.494605043361489,0.8,6,4,10,100,20,0.2,0.677834234249258
260,"deviation_10",0.0248604430159523,0.1,6,6,10,100,90,0.9,0.0388354707590732
260,"deviation_30",0.0624113034782676,0.3,6,6,10,100,70,0.7,0.108673726546393
260,"deviation_50",0.193275366196105,0.5,6,6,10,100,50,0.5,0.183846321256338
260,"deviation_80",0.286825550146525,0.8,6,6,10,100,20,0.2,0.51664822765273
261,"deviation_10",0.11051842753675,0.1,6,1,20,400,360,3.6,0.109247368654026
261,"deviation_30",0.32429192689596,0.3,6,1,20,400,280,2.8,0.27121787307946
261,"deviation_50",0.549532041252626,0.5,6,1,20,400,200,2,0.498805663132222
261,"deviation_80",1.83017887159284,0.8,6,1,20,400,80,0.8,1.51766483551796
262,"deviation_10",0.0702861505005422,0.1,6,1.5,20,400,360,3.6,0.0676529272142444
262,"deviation_30",0.154860325937742,0.3,6,1.5,20,400,280,2.8,0.149477712332035
262,"deviation_50",0.280997887655934,0.5,6,1.5,20,400,200,2,0.245822891931105
262,"deviation_80",0.896294870916815,0.8,6,1.5,20,400,80,0.8,0.728707353285483
263,"deviation_10",0.0379016027867261,0.1,6,3,20,400,360,3.6,0.0396488694272405
263,"deviation_30",0.0974527578590468,0.3,6,3,20,400,280,2.8,0.0796206261251319
263,"deviation_50",0.170897123779888,0.5,6,3,20,400,200,2,0.132872258289682
263,"deviation_80",0.385375842544916,0.8,6,3,20,400,80,0.8,0.291236357191867
264,"deviation_10",0.0366498130284251,0.1,6,4,20,400,360,3.6,0.0328033213037104
264,"deviation_30",0.0651791717229356,0.3,6,4,20,400,280,2.8,0.0647394709169918
264,"deviation_50",0.113827424015834,0.5,6,4,20,400,200,2,0.10360104923477
264,"deviation_80",0.345924555606485,0.8,6,4,20,400,80,0.8,0.232736038838764
265,"deviation_10",0.026079745809445,0.1,6,6,20,400,360,3.6,0.027295093031633
265,"deviation_30",0.0476945542660446,0.3,6,6,20,400,280,2.8,0.054607618591806
265,"deviation_50",0.0542890398457941,0.5,6,6,20,400,200,2,0.0835592116727197
265,"deviation_80",0.195386788725518,0.8,6,6,20,400,80,0.8,0.184425120965873
266,"deviation_10",0.0617115405133486,0.1,6,1,30,900,810,8.1,0.0672337562567494
266,"deviation_30",0.144890858527016,0.3,6,1,30,900,630,6.3,0.138937137618178
266,"deviation_50",0.263554594456077,0.5,6,1,30,900,450,4.5,0.23355079933954
266,"deviation_80",0.666496653688323,0.8,6,1,30,900,180,1.8,0.643910126338558
267,"deviation_10",0.0497028931251318,0.1,6,1.5,30,900,810,8.1,0.0432562344799419
267,"deviation_30",0.084913799279514,0.3,6,1.5,30,900,630,6.3,0.0960659992111504
267,"deviation_50",0.137044701520779,0.5,6,1.5,30,900,450,4.5,0.147768637576083
267,"deviation_80",0.375081822850531,0.8,6,1.5,30,900,180,1.8,0.349692429707488
268,"deviation_10",0.0219822108502007,0.1,6,3,30,900,810,8.1,0.0274165530164892
268,"deviation_30",0.0681318798182501,0.3,6,3,30,900,630,6.3,0.0548683806122472
268,"deviation_50",0.0842670047891628,0.5,6,3,30,900,450,4.5,0.0862725010523943
268,"deviation_80",0.17396197699854,0.8,6,3,30,900,180,1.8,0.170656777598871
269,"deviation_10",0.0259210201766056,0.1,6,4,30,900,810,8.1,0.0235567521328071
269,"deviation_30",0.0436773997219803,0.3,6,4,30,900,630,6.3,0.0434416636124562
269,"deviation_50",0.0650182373035794,0.5,6,4,30,900,450,4.5,0.0663860607248535
269,"deviation_80",0.152933429972362,0.8,6,4,30,900,180,1.8,0.134602001946721
270,"deviation_10",0.0180476588606749,0.1,6,6,30,900,810,8.1,0.0190067519228502
270,"deviation_30",0.0292688003958438,0.3,6,6,30,900,630,6.3,0.0391150710425973
270,"deviation_50",0.0641316353188333,0.5,6,6,30,900,450,4.5,0.061583366373797
270,"deviation_80",0.093879765263754,0.8,6,6,30,900,180,1.8,0.119952475720633
271,"deviation_10",0.544247021640945,0.1,6,1,10,100,90,0.9,0.412541968336326
271,"deviation_30",0.870727547549345,0.3,6,1,10,100,70,0.7,0.96531522298236
271,"deviation_50",1.39678686352535,0.5,6,1,10,100,50,0.5,1.64482715047682
271,"deviation_80",2.76701372552881,0.8,6,1,10,100,20,0.2,3.25486088850788
272,"deviation_10",0.097657652595791,0.1,6,1.5,10,100,90,0.9,0.212747779207969
272,"deviation_30",0.516889449195503,0.3,6,1.5,10,100,70,0.7,0.537122187050506
272,"deviation_50",0.930827450320105,0.5,6,1.5,10,100,50,0.5,0.998932523019561
272,"deviation_80",2.30784913761124,0.8,6,1.5,10,100,20,0.2,2.43805133869458
273,"deviation_10",0.0826724651930014,0.1,6,3,10,100,90,0.9,0.0771454448904091
273,"deviation_30",0.271597233228641,0.3,6,3,10,100,70,0.7,0.202636452790062
273,"deviation_50",0.288530761753567,0.5,6,3,10,100,50,0.5,0.309749764314976
273,"deviation_80",1.34050786044914,0.8,6,3,10,100,20,0.2,0.930643936463413
274,"deviation_10",0.0614157831271719,0.1,6,4,10,100,90,0.9,0.0653060275588064
274,"deviation_30",0.197559552327241,0.3,6,4,10,100,70,0.7,0.152061680522147
274,"deviation_50",0.342453865203627,0.5,6,4,10,100,50,0.5,0.265254125356907
274,"deviation_80",0.738913576355917,0.8,6,4,10,100,20,0.2,0.677834234249258
275,"deviation_10",0.054986845868122,0.1,6,6,10,100,90,0.9,0.0388354707590732
275,"deviation_30",0.0628289946068538,0.3,6,6,10,100,70,0.7,0.108673726546393
275,"deviation_50",0.216568470173961,0.5,6,6,10,100,50,0.5,0.183846321256338
275,"deviation_80",0.285312523273862,0.8,6,6,10,100,20,0.2,0.51664822765273
276,"deviation_10",0.083989045604984,0.1,6,1,20,400,360,3.6,0.109247368654026
276,"deviation_30",0.237268290390712,0.3,6,1,20,400,280,2.8,0.27121787307946
276,"deviation_50",0.610264182110211,0.5,6,1,20,400,200,2,0.498805663132222
276,"deviation_80",1.89052074418362,0.8,6,1,20,400,80,0.8,1.51766483551796
277,"deviation_10",0.0578621505355886,0.1,6,1.5,20,400,360,3.6,0.0676529272142444
277,"deviation_30",0.14670479313101,0.3,6,1.5,20,400,280,2.8,0.149477712332035
277,"deviation_50",0.245993068950575,0.5,6,1.5,20,400,200,2,0.245822891931105
277,"deviation_80",0.807044154058004,0.8,6,1.5,20,400,80,0.8,0.728707353285483
278,"deviation_10",0.0420967000869788,0.1,6,3,20,400,360,3.6,0.0396488694272405
278,"deviation_30",0.0874917262551898,0.3,6,3,20,400,280,2.8,0.0796206261251319
278,"deviation_50",0.10355321000587,0.5,6,3,20,400,200,2,0.132872258289682
278,"deviation_80",0.273228704803328,0.8,6,3,20,400,80,0.8,0.291236357191867
279,"deviation_10",0.033487330525632,0.1,6,4,20,400,360,3.6,0.0328033213037104
279,"deviation_30",0.063457511939778,0.3,6,4,20,400,280,2.8,0.0647394709169918
279,"deviation_50",0.0879482382801939,0.5,6,4,20,400,200,2,0.10360104923477
279,"deviation_80",0.137532766068552,0.8,6,4,20,400,80,0.8,0.232736038838764
280,"deviation_10",0.0264139777927776,0.1,6,6,20,400,360,3.6,0.027295093031633
280,"deviation_30",0.0435769059760897,0.3,6,6,20,400,280,2.8,0.054607618591806
280,"deviation_50",0.0930157276658457,0.5,6,6,20,400,200,2,0.0835592116727197
280,"deviation_80",0.165404111892496,0.8,6,6,20,400,80,0.8,0.184425120965873
281,"deviation_10",0.0756444260898651,0.1,6,1,30,900,810,8.1,0.0672337562567494
281,"deviation_30",0.141615268855127,0.3,6,1,30,900,630,6.3,0.138937137618178
281,"deviation_50",0.231518357992538,0.5,6,1,30,900,450,4.5,0.23355079933954
281,"deviation_80",0.63220149137438,0.8,6,1,30,900,180,1.8,0.643910126338558
282,"deviation_10",0.0415152869270963,0.1,6,1.5,30,900,810,8.1,0.0432562344799419
282,"deviation_30",0.0909520289687435,0.3,6,1.5,30,900,630,6.3,0.0960659992111504
282,"deviation_50",0.168566494942503,0.5,6,1.5,30,900,450,4.5,0.147768637576083
282,"deviation_80",0.331782004520796,0.8,6,1.5,30,900,180,1.8,0.349692429707488
283,"deviation_10",0.0273741553366502,0.1,6,3,30,900,810,8.1,0.0274165530164892
283,"deviation_30",0.0672843748292592,0.3,6,3,30,900,630,6.3,0.0548683806122472
283,"deviation_50",0.0968042500219754,0.5,6,3,30,900,450,4.5,0.0862725010523943
283,"deviation_80",0.190543822768966,0.8,6,3,30,900,180,1.8,0.170656777598871
284,"deviation_10",0.0262867400788221,0.1,6,4,30,900,810,8.1,0.0235567521328071
284,"deviation_30",0.0465892733861571,0.3,6,4,30,900,630,6.3,0.0434416636124562
284,"deviation_50",0.0777449177664209,0.5,6,4,30,900,450,4.5,0.0663860607248535
284,"deviation_80",0.121486905186825,0.8,6,4,30,900,180,1.8,0.134602001946721
285,"deviation_10",0.0191699367163868,0.1,6,6,30,900,810,8.1,0.0190067519228502
285,"deviation_30",0.0349508342560605,0.3,6,6,30,900,630,6.3,0.0391150710425973
285,"deviation_50",0.068144393834482,0.5,6,6,30,900,450,4.5,0.061583366373797
285,"deviation_80",0.130689334214204,0.8,6,6,30,900,180,1.8,0.119952475720633
286,"deviation_10",0.417720847774024,0.1,6,1,10,100,90,0.9,0.412541968336326
286,"deviation_30",0.8341442998178,0.3,6,1,10,100,70,0.7,0.96531522298236
286,"deviation_50",1.6493146023712,0.5,6,1,10,100,50,0.5,1.64482715047682
286,"deviation_80",3.84982332262978,0.8,6,1,10,100,20,0.2,3.25486088850788
287,"deviation_10",0.22455470915304,0.1,6,1.5,10,100,90,0.9,0.212747779207969
287,"deviation_30",0.344016241556683,0.3,6,1.5,10,100,70,0.7,0.537122187050506
287,"deviation_50",0.594797485679146,0.5,6,1.5,10,100,50,0.5,0.998932523019561
287,"deviation_80",1.52208200291764,0.8,6,1.5,10,100,20,0.2,2.43805133869458
288,"deviation_10",0.0840202802338372,0.1,6,3,10,100,90,0.9,0.0771454448904091
288,"deviation_30",0.209106089206472,0.3,6,3,10,100,70,0.7,0.202636452790062
288,"deviation_50",0.369384931881763,0.5,6,3,10,100,50,0.5,0.309749764314976
288,"deviation_80",1.23372159081998,0.8,6,3,10,100,20,0.2,0.930643936463413
289,"deviation_10",0.0406958548773695,0.1,6,4,10,100,90,0.9,0.0653060275588064
289,"deviation_30",0.158413427740703,0.3,6,4,10,100,70,0.7,0.152061680522147
289,"deviation_50",0.263434720543512,0.5,6,4,10,100,50,0.5,0.265254125356907
289,"deviation_80",0.976944935488426,0.8,6,4,10,100,20,0.2,0.677834234249258
290,"deviation_10",0.0294359472607704,0.1,6,6,10,100,90,0.9,0.0388354707590732
290,"deviation_30",0.116531586755858,0.3,6,6,10,100,70,0.7,0.108673726546393
290,"deviation_50",0.235618503340867,0.5,6,6,10,100,50,0.5,0.183846321256338
290,"deviation_80",0.405981335912417,0.8,6,6,10,100,20,0.2,0.51664822765273
291,"deviation_10",0.136253101180161,0.1,6,1,20,400,360,3.6,0.109247368654026
291,"deviation_30",0.230172779592026,0.3,6,1,20,400,280,2.8,0.27121787307946
291,"deviation_50",0.562847885114983,0.5,6,1,20,400,200,2,0.498805663132222
291,"deviation_80",1.48707323407377,0.8,6,1,20,400,80,0.8,1.51766483551796
292,"deviation_10",0.0629886682162385,0.1,6,1.5,20,400,360,3.6,0.0676529272142444
292,"deviation_30",0.134864378106707,0.3,6,1.5,20,400,280,2.8,0.149477712332035
292,"deviation_50",0.259606180127566,0.5,6,1.5,20,400,200,2,0.245822891931105
292,"deviation_80",0.519367278689715,0.8,6,1.5,20,400,80,0.8,0.728707353285483
293,"deviation_10",0.051981915731829,0.1,6,3,20,400,360,3.6,0.0396488694272405
293,"deviation_30",0.0755774312284124,0.3,6,3,20,400,280,2.8,0.0796206261251319
293,"deviation_50",0.206340757398983,0.5,6,3,20,400,200,2,0.132872258289682
293,"deviation_80",0.276244234597126,0.8,6,3,20,400,80,0.8,0.291236357191867
294,"deviation_10",0.0362559489061157,0.1,6,4,20,400,360,3.6,0.0328033213037104
294,"deviation_30",0.067834689366257,0.3,6,4,20,400,280,2.8,0.0647394709169918
294,"deviation_50",0.104201288005074,0.5,6,4,20,400,200,2,0.10360104923477
294,"deviation_80",0.189699185952779,0.8,6,4,20,400,80,0.8,0.232736038838764
295,"deviation_10",0.0211243956697237,0.1,6,6,20,400,360,3.6,0.027295093031633
295,"deviation_30",0.0427766815938677,0.3,6,6,20,400,280,2.8,0.054607618591806
295,"deviation_50",0.0597839222646396,0.5,6,6,20,400,200,2,0.0835592116727197
295,"deviation_80",0.230568261229888,0.8,6,6,20,400,80,0.8,0.184425120965873
296,"deviation_10",0.0496510108804131,0.1,6,1,30,900,810,8.1,0.0672337562567494
296,"deviation_30",0.127929879713162,0.3,6,1,30,900,630,6.3,0.138937137618178
296,"deviation_50",0.211911939263713,0.5,6,1,30,900,450,4.5,0.23355079933954
296,"deviation_80",0.698338970465262,0.8,6,1,30,900,180,1.8,0.643910126338558
297,"deviation_10",0.042359511389715,0.1,6,1.5,30,900,810,8.1,0.0432562344799419
297,"deviation_30",0.106699619331473,0.3,6,1.5,30,900,630,6.3,0.0960659992111504
297,"deviation_50",0.172259312025344,0.5,6,1.5,30,900,450,4.5,0.147768637576083
297,"deviation_80",0.436047744258226,0.8,6,1.5,30,900,180,1.8,0.349692429707488
298,"deviation_10",0.0336947870219277,0.1,6,3,30,900,810,8.1,0.0274165530164892
298,"deviation_30",0.0473483509045913,0.3,6,3,30,900,630,6.3,0.0548683806122472
298,"deviation_50",0.0744216638494611,0.5,6,3,30,900,450,4.5,0.0862725010523943
298,"deviation_80",0.155833794603806,0.8,6,3,30,900,180,1.8,0.170656777598871
299,"deviation_10",0.0206727994974757,0.1,6,4,30,900,810,8.1,0.0235567521328071
299,"deviation_30",0.0407613350973138,0.3,6,4,30,900,630,6.3,0.0434416636124562
299,"deviation_50",0.0612057528691811,0.5,6,4,30,900,450,4.5,0.0663860607248535
299,"deviation_80",0.105355313166824,0.8,6,4,30,900,180,1.8,0.134602001946721
300,"deviation_10",0.0270206364593304,0.1,6,6,30,900,810,8.1,0.0190067519228502
300,"deviation_30",0.0575954841553155,0.3,6,6,30,900,630,6.3,0.0391150710425973
300,"deviation_50",0.0515507760895225,0.5,6,6,30,900,450,4.5,0.061583366373797
300,"deviation_80",0.0982434090362307,0.8,6,6,30,900,180,1.8,0.119952475720633
